Cites,Authors,Title,Year,Source,Publisher,ArticleURL,CitesURL,GSRank,QueryDate,Type,DOI,ISSN,CitationURL,Volume,Issue,StartPage,EndPage,ECC,CitesPerYear,CitesPerAuthor,AuthorCount,Age,Abstract,FullTextURL,R+H:ZelatedURL,standards
0,N Nemeš,A system for identification of potentially sensitive data in the cloud,2022,,aaltodoc.aalto.fi,https://aaltodoc.aalto.fi/items/b0a699a0-d4a0-4762-8ad7-7522f9f92c44,,5,2026/3/25 16:41,,,,,,,,,0,0,0,1,4,"… , the GDPR4 (General Data Protection Regulation) warrants a special mention. The GDPR … the GDPR, DLPSs help companies greatly in avoiding GDPR infringements and costly fines. …",https://aaltodoc.aalto.fi/bitstreams/09d96355-2ff9-4b37-b57d-00e6719877e6/download,https://scholar.google.com/scholar?q=related:173kTQy5DJgJ:scholar.google.com/&scioq=%22definition+of+sensitive+data%22+%22gdpr%22%7C%22sensitive+information+type+entity+definitions%22%7C%22google%22%7C%22techtarget%22%7C%22gb+t+35273+2020%22&hl=en&as_sdt=2007&as_ylo=2000&as_yhi=2025,"gdpr,microsoft,google"
0,P van der Linden,Sensitive Data Exposure &Web Scraping with Python,2022,,scholarworks.calstate.edu,https://scholarworks.calstate.edu/downloads/4t64gt62b,,11,2026/3/25 16:41,PDF,,,,,,,,0,0,0,1,4,"… For example, organizations following GDPR must receive consent from individuals prior to collecting their data [6]. Additionally, GDPR … One legal definition of sensitive data states… …",https://scholarworks.calstate.edu/downloads/4t64gt62b,https://scholar.google.com/scholar?q=related:OTIKmPzc6vsJ:scholar.google.com/&scioq=%22definition+of+sensitive+data%22+%22gdpr%22%7C%22sensitive+information+type+entity+definitions%22%7C%22google%22%7C%22techtarget%22%7C%22gb+t+35273+2020%22&hl=en&as_sdt=2007&as_ylo=2000&as_yhi=2025,n
1,"E Bishop, D Broeder, H Heuvel, B Kleiner, B Lichtward…",White Paper on Remote Access to Sensitive Data in the Social Sciences and Humanities. 2021 and beyond,2022,,repository.ubn.ru.nl,https://repository.ubn.ru.nl/bitstream/handle/2066/289115/289115.pdf?sequence=1,https://scholar.google.com/scholar?cites=13655856920927109096&as_sdt=2005&sciodt=2007&hl=en,13,2026/3/25 16:41,PDF,,,,,,,,1,0.25,0,6,4,"… definition of sensitive data against the background of various disciplines (2.1) will be presented. Next, definition of sensitive data … as individual country derogations of GDPR diverge, it is …",https://repository.ubn.ru.nl/bitstream/handle/2066/289115/289115.pdf?sequence=1,https://scholar.google.com/scholar?q=related:6H9ri4RZg70J:scholar.google.com/&scioq=%22definition+of+sensitive+data%22+%22gdpr%22%7C%22sensitive+information+type+entity+definitions%22%7C%22google%22%7C%22techtarget%22%7C%22gb+t+35273+2020%22&hl=en&as_sdt=2007&as_ylo=2000&as_yhi=2025,gdpr
0,K Pezou,Targeted advertising in the Metaverse: Legal challenges for the protection of sensitive data in the realm of brave new virtual worlds.,2024,,arno.uvt.nl,http://arno.uvt.nl/show.cgi?fid=176934,,15,2026/3/25 16:41,PDF,,,,,,,,0,0,0,1,2,… for the definition of sensitive data proves to be pivotal.… definition of sensitive data by exploring whether the concept and protection of sensitive personal data under Article 9 of the GDPR …,http://arno.uvt.nl/show.cgi?fid=176934,https://scholar.google.com/scholar?q=related:QmRZQmeQ1bYJ:scholar.google.com/&scioq=%22definition+of+sensitive+data%22+%22gdpr%22%7C%22sensitive+information+type+entity+definitions%22%7C%22google%22%7C%22techtarget%22%7C%22gb+t+35273+2020%22&hl=en&as_sdt=2007&as_ylo=2000&as_yhi=2025,n
1,A Wang,Data Security and Privacy Protection: A Comprehensive Guide,2025,,World Scientific,https://www.worldscientific.com/doi/abs/10.1142/9789819800285_0001,https://scholar.google.com/scholar?cites=14256397878666570415&as_sdt=2005&sciodt=2007&hl=en,17,2026/3/25 16:41,BOOK,10.1142/9789819800285_0001,,,,,,,1,1,1,1,1,… The GDPR’s definition of sensitive data mostly inherits … The enactment and implementation of the GDPR have had a wide-… The GDPR definition focuses on principles and is relatively …,https://www.worldscientific.com/doi/pdf/10.1142/9789819800285_0001,https://scholar.google.com/scholar?q=related:r6qNRlbm2MUJ:scholar.google.com/&scioq=%22definition+of+sensitive+data%22+%22gdpr%22%7C%22sensitive+information+type+entity+definitions%22%7C%22google%22%7C%22techtarget%22%7C%22gb+t+35273+2020%22&hl=en&as_sdt=2007&as_ylo=2000&as_yhi=2025,gdpr
3,"S Latini, T Crepax",To the edge of data protection: How brain information can push the boundaries of sensitivity,2020,,academia.edu,https://www.academia.edu/download/57649354/To_the_edge_of_data_protection._How_brain_information_can_push_the_boundaries_of_sensitivity.pdf,https://scholar.google.com/scholar?cites=1181446590287451417&as_sdt=2005&sciodt=2007&hl=en,25,2026/3/25 16:41,PDF,,,,,,,,3,0.5,2,2,6,"… For that reason, besides the application of a different legal framework, namely the GDPR, … The definition of sensitive data currently provided by the EU data protection law is a closed one.…",https://www.academia.edu/download/57649354/To_the_edge_of_data_protection._How_brain_information_can_push_the_boundaries_of_sensitivity.pdf,https://scholar.google.com/scholar?q=related:GRUuD2pXZRAJ:scholar.google.com/&scioq=%22definition+of+sensitive+data%22+%22gdpr%22%7C%22sensitive+information+type+entity+definitions%22%7C%22google%22%7C%22techtarget%22%7C%22gb+t+35273+2020%22&hl=en&as_sdt=2007&as_ylo=2000&as_yhi=2025,gdpr
0,"E García-Álvarez, C Ohmann, G Saunders, H Wagener…",D4. 1 EOSC-Life Requirements for hosting/distributing and access control for sensitive data,2022,,hal.science,https://hal.science/hal-04161744/,,58,2026/3/25 16:41,,,,,,,,,0,0,0,5,4,"… Similarly, here we keep the definition of sensitive data used in the toolbox and extracted from … The following parts of the GDPR are relevant for cloud computing: o Distinction between …",https://hal.science/hal-04161744v1/file/EOSC-Life_D4.1_Requirements%20for%20hosting-distributing%20and%20access%20control%20for%20sensitive%20data_August%202022.pdf,https://scholar.google.com/scholar?q=related:9_S-Pg-vrSEJ:scholar.google.com/&scioq=%22definition+of+sensitive+data%22+%22gdpr%22%7C%22sensitive+information+type+entity+definitions%22%7C%22google%22%7C%22techtarget%22%7C%22gb+t+35273+2020%22&hl=en&as_sdt=2007&as_ylo=2000&as_yhi=2025,n
1,"G Cecere, F Le Guel, V Lefrere, C Tucker, P Yin",Privacy and Children: What drives digital data protection for very young children,2019,,… . org/msi/wpcontent/uploads/2019/06 …,,https://scholar.google.com/scholar?cites=16714464912545904966&as_sdt=2005&sciodt=2007&hl=en,77,2026/3/25 16:41,CITATION,,,,,,,,1,0.14,0,5,7,,,https://scholar.google.com/scholar?q=related:RnkH60e19ecJ:scholar.google.com/&scioq=%22definition+of+sensitive+data%22+%22gdpr%22%7C%22sensitive+information+type+entity+definitions%22%7C%22google%22%7C%22techtarget%22%7C%22gb+t+35273+2020%22&hl=en&as_sdt=2007&as_ylo=2000&as_yhi=2025,n
2,M Vretta,The new EU General Data Protection Regulation (GDPR) in medical data and clinical research,2019,,academia.edu,https://www.academia.edu/download/82512665/GDPR_20in_20Medical_20Data_20and_20Clinical_20Research.pdf,https://scholar.google.com/scholar?cites=16947858131891567281&as_sdt=2005&sciodt=2007&hl=en,90,2026/3/25 16:41,HTML,,,,,,,,2,0.29,2,1,7,"… Definition of Sensitive Data Sensitive data are special categories of data which by their nature may impose a greater risk to the data subjects and need enhanced protection. In principle, …",https://www.academia.edu/download/82512665/GDPR_20in_20Medical_20Data_20and_20Clinical_20Research.pdf,https://scholar.google.com/scholar?q=related:sbocZy3jMusJ:scholar.google.com/&scioq=%22definition+of+sensitive+data%22+%22gdpr%22%7C%22sensitive+information+type+entity+definitions%22%7C%22google%22%7C%22techtarget%22%7C%22gb+t+35273+2020%22&hl=en&as_sdt=2007&as_ylo=2000&as_yhi=2025,gdpr
13,"Z Wang, K Wei, C Jiang, J Tian…",Research on productization and development trend of data desensitization technology,2021,2021 IEEE 20th …,ieeexplore.ieee.org,https://ieeexplore.ieee.org/abstract/document/9724478/,https://scholar.google.com/scholar?cites=16952854717802174315&as_sdt=2005&sciodt=2007&hl=en,56,2026/3/25 16:41,,,,,,,,,13,2.6,3,5,5,"… Internationally, the EU officially issued the general data protection regulation (GDPR) on May 25, 2018, which covers the personal data of enterprises in EU Member States and the …",,https://scholar.google.com/scholar?q=related:a1dnt4ujROsJ:scholar.google.com/&scioq=%22definition+of+sensitive+data%22+%22gdpr%22%7C%22sensitive+information+type+entity+definitions%22%7C%22google%22%7C%22techtarget%22%7C%22gb+t+35273+2020%22&hl=en&as_sdt=2007&as_ylo=2000&as_yhi=2025,gdpr
1,"S Jiao, S Zhang, F Gao, T Wang",Data Security Search Based on Semi-Supervised Sensitive Classifier,2022,2022 4th International …,ieeexplore.ieee.org,https://ieeexplore.ieee.org/abstract/document/9984873/,https://scholar.google.com/scholar?cites=12948924724969597502&as_sdt=2005&sciodt=2007&hl=en,54,2026/3/25 16:41,,,,,,,,,1,0.25,0,4,4,"… For different fields, the specific definition of sensitive data is also different. In this paper, … The most notable of these is the BERT model proposed by Google in 2018. BERT [21] is a …",https://drive.google.com/file/d/1Zp4OeITUvaGAzykukMvqDVJ3XOozauO9/view,https://scholar.google.com/scholar?q=related:PuoVV27Ss7MJ:scholar.google.com/&scioq=%22definition+of+sensitive+data%22+%22gdpr%22%7C%22sensitive+information+type+entity+definitions%22%7C%22google%22%7C%22techtarget%22%7C%22gb+t+35273+2020%22&hl=en&as_sdt=2007&as_ylo=2000&as_yhi=2025,n
8,"M Kober, J Samhi, S Arzt…",Sensitive and personal data: What exactly are you talking about?,2023,2023 IEEE/ACM 10th …,ieeexplore.ieee.org,https://ieeexplore.ieee.org/abstract/document/10172919/,https://scholar.google.com/scholar?cites=18380146274113494521&as_sdt=2005&sciodt=2007&hl=en,2,2026/3/25 16:41,,,,,,,,,8,2.67,2,4,3,"… both official markets like Google Play and alternative markets … of existing research to our definition of sensitive data and re-… , we have presented a definition of sensitive data along with a …",https://orbilu.uni.lu/bitstream/10993/54761/1/sensitive_data.pdf,https://scholar.google.com/scholar?q=related:-R1BdKdlE_8J:scholar.google.com/&scioq=%22definition+of+sensitive+data%22+%22gdpr%22%7C%22sensitive+information+type+entity+definitions%22%7C%22google%22%7C%22techtarget%22%7C%22gb+t+35273+2020%22&hl=en&as_sdt=2007&as_ylo=2000&as_yhi=2025,"gdpr,ccpa"
91,"JG Cabañas, Á Cuevas, R Cuevas",Unveiling and quantifying facebook exploitation of sensitive personal data for advertising purposes,2018,27th USENIX security symposium …,usenix.org,https://www.usenix.org/conference/usenixsecurity18/presentation/cabanas,https://scholar.google.com/scholar?cites=8698763916997346779&as_sdt=2005&sciodt=2007&hl=en,31,2026/3/25 16:41,,,,,,,,,91,11.38,30,3,8,… evidence that FB generated (before May 25) revenue from the commercial exploitation of expert-verified sensitive personal data according to the GDPR definition of sensitive data. …,https://www.usenix.org/system/files/conference/usenixsecurity18/sec18-cabanas.pdf,https://scholar.google.com/scholar?q=related:28WcybE3uHgJ:scholar.google.com/&scioq=%22definition+of+sensitive+data%22+%22gdpr%22%7C%22sensitive+information+type+entity+definitions%22%7C%22google%22%7C%22techtarget%22%7C%22gb+t+35273+2020%22&hl=en&as_sdt=2007&as_ylo=2000&as_yhi=2025,gdpr
7,L Xie,Who Moved My data? Information Privacy Concerns In the Big Data Era,2018,4th International Symposium on Social Science (ISSS …,atlantis-press.com,https://www.atlantis-press.com/proceedings/isss-18/25896215,https://scholar.google.com/scholar?cites=1351635466614007757&as_sdt=2005&sciodt=2007&hl=en,73,2026/3/25 16:41,,,,,,,,,7,0.88,7,1,8,"… If you use the Internet, search on Google, social with others on Facebook, chat through … There is no comprehensive data protection legislation and no clear definition of sensitive data [23]…",https://www.atlantis-press.com/article/25896215.pdf,https://scholar.google.com/scholar?q=related:zedYrUv5wRIJ:scholar.google.com/&scioq=%22definition+of+sensitive+data%22+%22gdpr%22%7C%22sensitive+information+type+entity+definitions%22%7C%22google%22%7C%22techtarget%22%7C%22gb+t+35273+2020%22&hl=en&as_sdt=2007&as_ylo=2000&as_yhi=2025,n
25,"L Hornuf, S Mangold, Y Yang","Data protection law in Germany, the United States, and China",2023,… : A comparison of selected problems in …,Springer,https://link.springer.com/chapter/10.1007/978-3-031-32064-4_3,https://scholar.google.com/scholar?cites=10328304190997933449&as_sdt=2005&sciodt=2007&hl=en,59,2026/3/25 16:41,HTML,10.1007/978-3-031-32064-4_3,,,,,,,25,8.33,8,3,3,"… GDPR. China started developing its privacy legislation after Germany and the United States, in some parts again similar to the GDPR. … provides a broad definition of sensitive data, which …",https://link.springer.com/chapter/10.1007/978-3-031-32064-4_3,https://scholar.google.com/scholar?q=related:iS2cpPCBVY8J:scholar.google.com/&scioq=%22definition+of+sensitive+data%22+%22gdpr%22%7C%22sensitive+information+type+entity+definitions%22%7C%22google%22%7C%22techtarget%22%7C%22gb+t+35273+2020%22&hl=en&as_sdt=2007&as_ylo=2000&as_yhi=2025,"GB/T,gdpr,ccpa,google,pipl"
3,"H Maurya, S Prasad",Data protection laws and a comparative analysis of GDPR and PDPB,2022,AIP Conference Proceedings,pubs.aip.org,https://pubs.aip.org/aip/acp/article-abstract/2519/1/030077/2828334,https://scholar.google.com/scholar?cites=10649270528074182859&as_sdt=2005&sciodt=2007&hl=en,98,2026/3/25 16:41,,10.1063/5.0110597/16217671/030077_1_online,,,,,,,3,0.75,2,2,4,"… categorized personal data into two parts: critical and sensitive, whereas GDPR has only one: Sensitive. The definition of sensitive data for GDPR is narrower than PDPB and includes …",https://pubs.aip.org/aip/acp/article-pdf/doi/10.1063/5.0110597/16217671/030077_1_online.pdf,https://scholar.google.com/scholar?q=related:y_Dlfh_PyZMJ:scholar.google.com/&scioq=%22definition+of+sensitive+data%22+%22gdpr%22%7C%22sensitive+information+type+entity+definitions%22%7C%22google%22%7C%22techtarget%22%7C%22gb+t+35273+2020%22&hl=en&as_sdt=2007&as_ylo=2000&as_yhi=2025,"PDPB,gdpr"
5,"N Liv, D Greenbaum",Integrating mental privacy within data protection laws: addressing the complexities of neurotechnology and the interdependence of human rights,2024,AJOB neuroscience,Taylor &Francis,https://www.tandfonline.com/doi/full/10.1080/21507740.2024.2326887,https://scholar.google.com/scholar?cites=5788807745530773077&as_sdt=2005&sciodt=2007&hl=en,45,2026/3/25 16:41,,10.1080/21507740.2024.2326887,,,,,,,5,2.5,3,2,2,"… the need for more explicit guidance; the GDPR does not explicitly categorize neural data as … Notably, the newly amended bill would explicitly “expand the definition of “sensitive data” to …",https://www.runi.ac.il/media/zhqdektf/integrating-mental-privacy-within-data-protection-laws-addressing-the-complexities-of-neurotechnology-and-the-interdependence-o.pdf,https://scholar.google.com/scholar?q=related:VT5kYfn5VVAJ:scholar.google.com/&scioq=%22definition+of+sensitive+data%22+%22gdpr%22%7C%22sensitive+information+type+entity+definitions%22%7C%22google%22%7C%22techtarget%22%7C%22gb+t+35273+2020%22&hl=en&as_sdt=2007&as_ylo=2000&as_yhi=2025,n
85,"NJ King, VT Raja",What do They Really Know about Me in the Cloud: A Comparative Law Perspective on Protecting Privacy and Security of Sensitive Consumer Data,2013,Am. Bus. LJ,HeinOnline,https://heinonline.org/hol-cgi-bin/get_pdf.cgi?handle=hein.journals/ambuslj50&section=19,https://scholar.google.com/scholar?cites=1847533296768712390&as_sdt=2005&sciodt=2007&hl=en,50,2026/3/25 16:41,,,,,,,,,85,6.54,43,2,13,… stored in Google's cloud services.EPIC's complaint outlines security flaws in Google's cloud … under discrimination laws from the definition of sensitive data is consistent with the US view …,,https://scholar.google.com/scholar?q=related:xv6aqL7BoxkJ:scholar.google.com/&scioq=%22definition+of+sensitive+data%22+%22gdpr%22%7C%22sensitive+information+type+entity+definitions%22%7C%22google%22%7C%22techtarget%22%7C%22gb+t+35273+2020%22&hl=en&as_sdt=2007&as_ylo=2000&as_yhi=2025,n
0,KW Miller,The Increasing Need for Consumer Privacy Ombudsmen,2025,American Bankruptcy Institute Journal,search.proquest.com,https://search.proquest.com/openview/94dcca13f5b5ca157016bacd95aa8824/1?pq-origsite=gscholar&cbl=33486,,62,2026/3/25 16:41,,,,,,,,,0,0,0,1,1,"… The term “controller” is utilized by the GDPR, and nearly all state comprehensive laws28 … variation of geolocation information in its definition of “sensitive data,” geolocation that relates to …",,https://scholar.google.com/scholar?q=related:qZRscyfa7x0J:scholar.google.com/&scioq=%22definition+of+sensitive+data%22+%22gdpr%22%7C%22sensitive+information+type+entity+definitions%22%7C%22google%22%7C%22techtarget%22%7C%22gb+t+35273+2020%22&hl=en&as_sdt=2007&as_ylo=2000&as_yhi=2025,"gdpr,ccpa,"
81,"EA Bell, L Ohno-Machado…",Sharing my health data: a survey of data sharing preferences of healthy individuals,2014,AMIA annual symposium …,pmc.ncbi.nlm.nih.gov,https://pmc.ncbi.nlm.nih.gov/articles/PMC4419941/,https://scholar.google.com/scholar?cites=8825388001098142240&as_sdt=2005&sciodt=2007&hl=en,63,2026/3/25 16:41,HTML,,,,,,,,81,6.75,27,3,12,"… The definition of sensitive data is described by the National Committee on Vital and Health Statistics and includes five categories: domestic violence, genetic information, mental health …",https://pmc.ncbi.nlm.nih.gov/articles/PMC4419941/,https://scholar.google.com/scholar?q=related:IBJzyqATenoJ:scholar.google.com/&scioq=%22definition+of+sensitive+data%22+%22gdpr%22%7C%22sensitive+information+type+entity+definitions%22%7C%22google%22%7C%22techtarget%22%7C%22gb+t+35273+2020%22&hl=en&as_sdt=2007&as_ylo=2000&as_yhi=2025,n
3,MV Callo-Müller,GDPR and CBPR: Reconciling personal data protection and trade,2018,APEC. Available at,apec.org,https://apec.org/docs/default-source/Publications/2018/10/GDPR-and-CBPR---Reconciling-Personal-Data-Protection-and-Trade/218_PSU_Policy-Brief_GDPR_CBPR.pdf,https://scholar.google.com/scholar?cites=1738798666221550209&as_sdt=2005&sciodt=2007&hl=en,80,2026/3/25 16:41,PDF,,,,,,,,3,0.38,3,1,8,… (GDPR) reminded everyone of the ubiquity of the use of personal data in our daily lives. The repercussions of the GDPR in … economies include a definition of sensitive data in their data …,https://apec.org/docs/default-source/Publications/2018/10/GDPR-and-CBPR---Reconciling-Personal-Data-Protection-and-Trade/218_PSU_Policy-Brief_GDPR_CBPR.pdf,https://scholar.google.com/scholar?q=related:gfoOpCx0IRgJ:scholar.google.com/&scioq=%22definition+of+sensitive+data%22+%22gdpr%22%7C%22sensitive+information+type+entity+definitions%22%7C%22google%22%7C%22techtarget%22%7C%22gb+t+35273+2020%22&hl=en&as_sdt=2007&as_ylo=2000&as_yhi=2025,gdpr
16,"M Leedham, T Lillis, A Twiner",Creating a corpus of sensitive and hard-to-access texts: Methodological challenges and ethical concerns in the building of the WiSP Corpus,2021,Applied corpus linguistics,Elsevier,https://www.sciencedirect.com/science/article/pii/S2666799121000113,https://scholar.google.com/scholar?cites=11468221060365816226&as_sdt=2005&sciodt=2007&hl=en,42,2026/3/25 16:41,HTML,,,,,,,,16,3.2,5,3,5,"Corpus linguistics is increasingly employed to explore large, publicly-available datasets such as newspaper texts, government speeches and online fora. However, comparatively few …",https://www.sciencedirect.com/science/article/pii/S2666799121000113,https://scholar.google.com/scholar?q=related:ohHCDEtOJ58J:scholar.google.com/&scioq=%22definition+of+sensitive+data%22+%22gdpr%22%7C%22sensitive+information+type+entity+definitions%22%7C%22google%22%7C%22techtarget%22%7C%22gb+t+35273+2020%22&hl=en&as_sdt=2007&as_ylo=2000&as_yhi=2025,n
38,"JG Cabañas, Á Cuevas, R Cuevas",Facebook use of sensitive data for advertising in Europe,2018,arXiv preprint arXiv:1802.05030,arxiv.org,https://arxiv.org/abs/1802.05030,https://scholar.google.com/scholar?cites=3844565459285004399&as_sdt=2005&sciodt=2007&hl=en,21,2026/3/25 16:41,,,,,,,,,38,4.75,13,3,8,"… In this subsection, we prove that even in the case when we focus on manually selected sensitive ad preferences, which doubtlessly matches the GDPR definition of sensitive data, the …",https://arxiv.org/pdf/1802.05030,https://scholar.google.com/scholar?q=related:b1BrdOqjWjUJ:scholar.google.com/&scioq=%22definition+of+sensitive+data%22+%22gdpr%22%7C%22sensitive+information+type+entity+definitions%22%7C%22google%22%7C%22techtarget%22%7C%22gb+t+35273+2020%22&hl=en&as_sdt=2007&as_ylo=2000&as_yhi=2025,gdpr
4,"S Dutta, JHL Hansen","Navigating the united states legislative landscape on voice privacy: Existing laws, proposed bills, protection for children, and synthetic data for ai",2024,arXiv preprint arXiv:2407.19677,arxiv.org,https://arxiv.org/abs/2407.19677,https://scholar.google.com/scholar?cites=3771931455567883903&as_sdt=2005&sciodt=2007&hl=en,74,2026/3/25 16:41,,,,,,,,,4,2,2,2,2,… and which states add a broader definition of sensitive data (including biometric and personal… in the US differs from other countries across the globe such as the GDPR and the EU AI Act. …,https://arxiv.org/pdf/2407.19677,https://scholar.google.com/scholar?q=related:f-4-nqyXWDQJ:scholar.google.com/&scioq=%22definition+of+sensitive+data%22+%22gdpr%22%7C%22sensitive+information+type+entity+definitions%22%7C%22google%22%7C%22techtarget%22%7C%22gb+t+35273+2020%22&hl=en&as_sdt=2007&as_ylo=2000&as_yhi=2025,"ccpa,gdpr,coppa"
5,O Babalola,The GDPR-Styled Nigeria Data Protection Act 2023 and the Reverberations of a Legal Transplant,2024,Available at SSRN 4786872,papers.ssrn.com,https://papers.ssrn.com/sol3/papers.cfm?abstract_id=4786872,https://scholar.google.com/scholar?cites=4234886787472372322&as_sdt=2005&sciodt=2007&hl=en,41,2026/3/25 16:41,,,,,,,,,5,2.5,5,1,2,"… Lifting from the GDPR, the NDPA also includes ‘sex life’ in its definition of sensitive data without considering the impracticality of such inclusion, especially considering the expansive …",https://papers.ssrn.com/sol3/Delivery.cfm?abstractid=4786872,https://scholar.google.com/scholar?q=related:YjJJhxhXxToJ:scholar.google.com/&scioq=%22definition+of+sensitive+data%22+%22gdpr%22%7C%22sensitive+information+type+entity+definitions%22%7C%22google%22%7C%22techtarget%22%7C%22gb+t+35273+2020%22&hl=en&as_sdt=2007&as_ylo=2000&as_yhi=2025,"ndpa,gdpr"
2,J Francis,Anatomy of state comprehensive privacy law: Surveying the state privacy law landscape and recent legislative trends,2024,Available at SSRN 5309115,papers.ssrn.com,https://papers.ssrn.com/sol3/papers.cfm?abstract_id=5309115,https://scholar.google.com/scholar?cites=983115400921496431&as_sdt=2005&sciodt=2007&hl=en,99,2026/3/25 16:41,,,,,,,,,2,1,2,1,2,"… effects is a term of art adopted from GDPR. See GDPR, art. 22. In state comprehensive … for adolescent data, expanded the definition of sensitive data under the CTDPA to include “…",https://papers.ssrn.com/sol3/Delivery.cfm?abstractid=5309115,https://scholar.google.com/scholar?q=related:bzsklT-6pA0J:scholar.google.com/&scioq=%22definition+of+sensitive+data%22+%22gdpr%22%7C%22sensitive+information+type+entity+definitions%22%7C%22google%22%7C%22techtarget%22%7C%22gb+t+35273+2020%22&hl=en&as_sdt=2007&as_ylo=2000&as_yhi=2025,"ccpa,gdpr,wpa,hipaa"
0,"W Kuchinke, D Broeder, H Abroshan, A Arino, C Ariyo…",How can e-infrastructures deal with the sensitive data challenge? Results of the EUDAT Sensitive Data Group workshop.,,b2share.eudat.eu,,https://b2share.eudat.eu/records/zzmta-h2439/files/How%20can%20e-infrastructures%20deal%20with%20the%20sensitive%20data-EUDAT-sensitive-data-WG-15-1-2017-distributed.pdf,,23,2026/3/25 16:41,PDF,,,,,,,,0,0,0,6,,"… Data Protection Regulation (GDPR). The legal definition of sensitive Data is personal data … the legal requirements, notably the principles of the GDPR, consisting of the ‘lawfulness, …",https://b2share.eudat.eu/records/zzmta-h2439/files/How%20can%20e-infrastructures%20deal%20with%20the%20sensitive%20data-EUDAT-sensitive-data-WG-15-1-2017-distributed.pdf,https://scholar.google.com/scholar?q=related:dwzRZPd_gQQJ:scholar.google.com/&scioq=%22definition+of+sensitive+data%22+%22gdpr%22%7C%22sensitive+information+type+entity+definitions%22%7C%22google%22%7C%22techtarget%22%7C%22gb+t+35273+2020%22&hl=en&as_sdt=2007&as_ylo=2000&as_yhi=2025,"gdpr,UK Data Protection Act"
0,E HASHISH,SMART INFERENCE-DRIVEN RISKS: LEGAL CHALLENGES UNDER THE GDPR AND THE EGYPTIAN PDPL,2025,Balkan Social Science Review,js.ugd.edu.mk,https://js.ugd.edu.mk/index.php/BSSR/article/view/7883,,36,2026/3/25 16:41,,,,,,,,,0,0,0,1,1,… It is the author’s belief that the definition of sensitive data should be redefined to include personal data or even non-personal data resulting from inferences about sensitive data. Judges …,https://js.ugd.edu.mk/index.php/BSSR/article/download/7883/6051,https://scholar.google.com/scholar?q=related:4xa2kDYyn5AJ:scholar.google.com/&scioq=%22definition+of+sensitive+data%22+%22gdpr%22%7C%22sensitive+information+type+entity+definitions%22%7C%22google%22%7C%22techtarget%22%7C%22gb+t+35273+2020%22&hl=en&as_sdt=2007&as_ylo=2000&as_yhi=2025,"gdpr,pdpl(N),ccpa,Colorado Privacy Act (CPA),"
294,S Wachter,Affinity profiling and discrimination by association in online behavioral advertising,2020,Berkeley Technology Law Journal,JSTOR,https://www.jstor.org/stable/27121752,https://scholar.google.com/scholar?cites=16980581045308715782&as_sdt=2005&sciodt=2007&hl=en,91,2026/3/25 16:41,,,,,,,,,294,49,294,1,6,… of the General Data Protection Regulation (GDPR) concerning governance of sensitive … advice paper and suggested expanding the definition of sensitive data in future regulation to at …,https://ora.ox.ac.uk/objects/uuid:7c2f6d39-c9f7-43fb-80a2-ff084f535cbb/files/rm039k5235,https://scholar.google.com/scholar?q=related:BnNbZX4kp-sJ:scholar.google.com/&scioq=%22definition+of+sensitive+data%22+%22gdpr%22%7C%22sensitive+information+type+entity+definitions%22%7C%22google%22%7C%22techtarget%22%7C%22gb+t+35273+2020%22&hl=en&as_sdt=2007&as_ylo=2000&as_yhi=2025,gpdr
52,"J Kaye, L Briceño Moraia, L Curren…",Consent for biobanking: the legal frameworks of countries in the BioSHaRE-EU project,2016,Biopreservation and …,journals.sagepub.com,https://journals.sagepub.com/doi/abs/10.1089/bio.2015.0123,https://scholar.google.com/scholar?cites=9551522981316859711&as_sdt=2005&sciodt=2007&hl=en,84,2026/3/25 16:41,,10.1089/bio.2015.0123,,,,,,,52,5.2,13,4,10,"… As a regulation, the GDPR will be directly binding and carries over many of the same … The BDSG definition of sensitive data expressly includes health data [s. 3(9)]. All data use …",https://journals.sagepub.com/doi/full/10.1089/bio.2015.0123,https://scholar.google.com/scholar?q=related:PxdfnYvTjYQJ:scholar.google.com/&scioq=%22definition+of+sensitive+data%22+%22gdpr%22%7C%22sensitive+information+type+entity+definitions%22%7C%22google%22%7C%22techtarget%22%7C%22gb+t+35273+2020%22&hl=en&as_sdt=2007&as_ylo=2000&as_yhi=2025,n
3,"T Lysaght, HY Chan, J Scheibner, HJ Toh…","An ethical code for collecting, using and transferring sensitive health data: outcomes of a modified Policy Delphi process in Singapore",2023,BMC Medical Ethics,Springer,https://link.springer.com/article/10.1186/s12910-023-00952-7,https://scholar.google.com/scholar?cites=1309455780886000706&as_sdt=2005&sciodt=2007&hl=en,46,2026/3/25 16:41,HTML,10.1186/s12910-023-00952-7,,,,,,,3,1,1,5,3,… the definition of sensitive data and generate an ethical code. … Data Protection Regulation (GDPR) does not specifically … The GDPR then prohibits processing such sensitive personal …,https://link.springer.com/article/10.1186/s12910-023-00952-7,https://scholar.google.com/scholar?q=related:QrTKTBgfLBIJ:scholar.google.com/&scioq=%22definition+of+sensitive+data%22+%22gdpr%22%7C%22sensitive+information+type+entity+definitions%22%7C%22google%22%7C%22techtarget%22%7C%22gb+t+35273+2020%22&hl=en&as_sdt=2007&as_ylo=2000&as_yhi=2025,gdpr
0,M Stock,The CJEU Expands the Scope of the Definition of Sensitive Personal Data in the GDPR: Case C-184/20 Vyriausioji Tarnybines Etikos Komisija,2023,Bus. L. Int'l,HeinOnline,https://heinonline.org/hol-cgi-bin/get_pdf.cgi?handle=hein.journals/blawintnl24&section=10,,12,2026/3/25 16:41,,,,,,,,,0,0,0,1,3,… 9(1) of the GDPR was to ensure enhanced protection within … of the principles of the GDPR. This judgment evaluated the … in light of the wider scope of the definition of sensitive data. …,,https://scholar.google.com/scholar?q=related:W6LOOTVxoVIJ:scholar.google.com/&scioq=%22definition+of+sensitive+data%22+%22gdpr%22%7C%22sensitive+information+type+entity+definitions%22%7C%22google%22%7C%22techtarget%22%7C%22gb+t+35273+2020%22&hl=en&as_sdt=2007&as_ylo=2000&as_yhi=2025,n
0,M Krzysztofek,"Prohibited AI Practices under the EU Artificial Intelligence Act: A Case Study of AI Social Scoring Programs, Emotion Recognition Systems, and Facial Recognition …",2025,China Legal Sci.,HeinOnline,https://heinonline.org/hol-cgi-bin/get_pdf.cgi?handle=hein.journals/chlegscien13&section=21,,60,2026/3/25 16:41,,,,,,,,,0,0,0,1,1,"… qualify as sensitive data under article 3(37) of the AI Act, which refers to the definition of sensitive data in article 9(1) of the GDPR, only when such data enable or confirm the unique …",,https://scholar.google.com/scholar?q=related:99JrBC-Ykc8J:scholar.google.com/&scioq=%22definition+of+sensitive+data%22+%22gdpr%22%7C%22sensitive+information+type+entity+definitions%22%7C%22google%22%7C%22techtarget%22%7C%22gb+t+35273+2020%22&hl=en&as_sdt=2007&as_ylo=2000&as_yhi=2025,n
1169,"S Wachter, B Mittelstadt",A right to reasonable inferences: re-thinking data protection law in the age of big data and AI,2019,Colum. Bus. L. Rev.,HeinOnline,https://heinonline.org/hol-cgi-bin/get_pdf.cgi?handle=hein.journals/colb2019&section=15,https://scholar.google.com/scholar?cites=668290359153458143&as_sdt=2005&sciodt=2007&hl=en,55,2026/3/25 16:41,,,,,,,,,1169,167,585,2,7,… The GDPR also provides insufficient protection against sensitive inferences (Article 9) or … Trade Secrets Directive also fail to close the GDPR's accountability gaps concerning inferences. …,https://journals-test.library.columbia.edu/index.php/CBLR/article/download/3424/1370,https://scholar.google.com/scholar?q=related:3_soeIo-RgkJ:scholar.google.com/&scioq=%22definition+of+sensitive+data%22+%22gdpr%22%7C%22sensitive+information+type+entity+definitions%22%7C%22google%22%7C%22techtarget%22%7C%22gb+t+35273+2020%22&hl=en&as_sdt=2007&as_ylo=2000&as_yhi=2025,n
82,S Krstulović,Audio event recognition in the smart home,2017,Computational Analysis of Sound Scenes and Events,Springer,https://link.springer.com/chapter/10.1007/978-3-319-63450-0_12,https://scholar.google.com/scholar?cites=16986684834652409907&as_sdt=2005&sciodt=2007&hl=en,89,2026/3/25 16:41,,10.1007/978-3-319-63450-0_12,,,,,,,82,9.11,82,1,9,"… , as exemplified by the Amazon Echo and Google Home products [29]. The interesting point … It should also be noted that although the legal definition of sensitive data and the associated …",,https://scholar.google.com/scholar?q=related:M9D4mNvTvOsJ:scholar.google.com/&scioq=%22definition+of+sensitive+data%22+%22gdpr%22%7C%22sensitive+information+type+entity+definitions%22%7C%22google%22%7C%22techtarget%22%7C%22gb+t+35273+2020%22&hl=en&as_sdt=2007&as_ylo=2000&as_yhi=2025,n
234,"NJ King, VT Raja",Protecting the privacy and security of sensitive customer data in the cloud,2012,Computer Law &Security Review,Elsevier,https://www.sciencedirect.com/science/article/pii/S0267364912000556,https://scholar.google.com/scholar?cites=11131022781376012970&as_sdt=2005&sciodt=2007&hl=en,33,2026/3/25 16:41,,,,,,,,,234,16.71,117,2,14,The global ubiquity of cloud computing may expose consumers' sensitive personal data to significant privacy and security threats. A critical challenge for the cloud computing industry is …,,https://scholar.google.com/scholar?q=related:qqKytj5WeZoJ:scholar.google.com/&scioq=%22definition+of+sensitive+data%22+%22gdpr%22%7C%22sensitive+information+type+entity+definitions%22%7C%22google%22%7C%22techtarget%22%7C%22gb+t+35273+2020%22&hl=en&as_sdt=2007&as_ylo=2000&as_yhi=2025,n
10,"E Hammond, M Burdon",Intimate harms and menstrual cycle tracking apps,2024,Computer Law &Security Review,Elsevier,https://www.sciencedirect.com/science/article/pii/S0267364924001043,https://scholar.google.com/scholar?cites=6105960996144353552&as_sdt=2005&sciodt=2007&hl=en,40,2026/3/25 16:41,HTML,,,,,,,,10,5,5,2,2,"Menstrual cycle tracking applications (‘apps’) are smartphone or tablet apps that allow users to log data pertaining to their period. Using a lens of privacy focussed on intimacy, it will be …",https://www.sciencedirect.com/science/article/pii/S0267364924001043,https://scholar.google.com/scholar?q=related:EBGT2yy7vFQJ:scholar.google.com/&scioq=%22definition+of+sensitive+data%22+%22gdpr%22%7C%22sensitive+information+type+entity+definitions%22%7C%22google%22%7C%22techtarget%22%7C%22gb+t+35273+2020%22&hl=en&as_sdt=2007&as_ylo=2000&as_yhi=2025,gdpr
30,Y Poullet,Is the general data protection regulation the solution?,2018,Computer Law &Security Review,Elsevier,https://www.sciencedirect.com/science/article/pii/S0267364918302140,https://scholar.google.com/scholar?cites=16845941131350373012&as_sdt=2005&sciodt=2007&hl=en,78,2026/3/25 16:41,,,,,,,,,30,3.75,30,1,8,… It is noteworthy to underline that the GDPR (Article 9) has modified in that sense the definition of sensitive data: As clearly showed by the French GDPR version (‘traitement de données …,https://www.researchgate.net/profile/Yves-Poullet/publication/254806921_Concise_European_IT_Law/links/5d051b8d92851c90043ed2bd/Concise-European-IT-Law.pdf,https://scholar.google.com/scholar?q=related:lPJHkTTOyOkJ:scholar.google.com/&scioq=%22definition+of+sensitive+data%22+%22gdpr%22%7C%22sensitive+information+type+entity+definitions%22%7C%22google%22%7C%22techtarget%22%7C%22gb+t+35273+2020%22&hl=en&as_sdt=2007&as_ylo=2000&as_yhi=2025,gdpr
11,"AH Celdrán, MG Pérez, I Mlakar, JMA Calero…",PROTECTOR: Towards the protection of sensitive data in Europe and the US,2020,Computer Networks,Elsevier,https://www.sciencedirect.com/science/article/pii/S1389128620311300,https://scholar.google.com/scholar?cites=1096621709506191385&as_sdt=2005&sciodt=2007&hl=en,4,2026/3/25 16:41,,,,,,,,,11,1.83,2,5,6,"… Three case studies prove how PROTECTOR deals with several citizen’s rights in two different legislation environments, such as the EU GDPR and the US. Finally, a pool of experiments …",https://www.researchgate.net/profile/Alberto-Huertas-2/publication/343338340_PROTECTOR_Towards_the_protection_of_sensitive_data_in_Europe_and_the_US/links/5f6f6d1d458515b7cf50d42a/PROTECTOR-Towards-the-protection-of-sensitive-data-in-Europe-and-the-US.pdf,https://scholar.google.com/scholar?q=related:GSAZeKL7Nw8J:scholar.google.com/&scioq=%22definition+of+sensitive+data%22+%22gdpr%22%7C%22sensitive+information+type+entity+definitions%22%7C%22google%22%7C%22techtarget%22%7C%22gb+t+35273+2020%22&hl=en&as_sdt=2007&as_ylo=2000&as_yhi=2025,"gdpr,hipaa,ccpa"
23,"Z Yang, Z Liang",Automated identification of sensitive data from implicit user specification,2018,Cybersecurity,Springer,https://link.springer.com/article/10.1186/s42400-018-0011-x,https://scholar.google.com/scholar?cites=4035504896750666249&as_sdt=2005&sciodt=2007&hl=en,8,2026/3/25 16:41,HTML,10.1186/s42400-018-0011-x,,,,,,,23,2.88,12,2,8,"… We evaluate our approach on over 18,000 top popular applications from Google Play Store. S3 achieves an average precision of 89.2%, and average recall 95.8% in identifying …",https://link.springer.com/article/10.1186/s42400-018-0011-x,https://scholar.google.com/scholar?q=related:CUIslFL-ADgJ:scholar.google.com/&scioq=%22definition+of+sensitive+data%22+%22gdpr%22%7C%22sensitive+information+type+entity+definitions%22%7C%22google%22%7C%22techtarget%22%7C%22gb+t+35273+2020%22&hl=en&as_sdt=2007&as_ylo=2000&as_yhi=2025,n
0,R Walters,Definitions Personal Data—Information,2023,Cybersecurity and Data Laws of the Commonwealth …,Springer,https://link.springer.com/chapter/10.1007/978-981-99-3935-0_3,,14,2026/3/25 16:41,,10.1007/978-981-99-3935-0_3,,,,,,,0,0,0,1,3,"… the UK, Malta and Cyprus that follow the EU GDPR Footnote 7 have what I describe as an ‘all-… Notably, Australia’s definition of sensitive data includes genetic and biometric information, …",,https://scholar.google.com/scholar?q=related:PoJMa1ei1TYJ:scholar.google.com/&scioq=%22definition+of+sensitive+data%22+%22gdpr%22%7C%22sensitive+information+type+entity+definitions%22%7C%22google%22%7C%22techtarget%22%7C%22gb+t+35273+2020%22&hl=en&as_sdt=2007&as_ylo=2000&as_yhi=2025,gdpr
1,"A Patel, P Pandey","Safeguarding Sensitive Data in the DevSecOps Pipelines: Strategies, Tools, and Best Practices for Modern Software Development",2025,"Data Governance, DevSecOps, and …",igi-global.com,https://www.igi-global.com/chapter/safeguarding-sensitive-data-in-the-devsecops-pipelines/377001,https://scholar.google.com/scholar?cites=9617030429020365397&as_sdt=2005&sciodt=2007&hl=en,47,2026/3/25 16:41,,,,,,,,,1,1,1,2,1,"This chapter focuses on ways, practices, and resources available to protect data in DevSecOps processes, an essential element of application development. It focuses on software …",,https://scholar.google.com/scholar?q=related:VaLh0ziOdoUJ:scholar.google.com/&scioq=%22definition+of+sensitive+data%22+%22gdpr%22%7C%22sensitive+information+type+entity+definitions%22%7C%22google%22%7C%22techtarget%22%7C%22gb+t+35273+2020%22&hl=en&as_sdt=2007&as_ylo=2000&as_yhi=2025,n
0,P Pandey,Safeguarding Sensitive Data in the DevSecOps Pipelines,2025,"… DevSecOps, and Advancements in Modern Software",books.google.com,https://books.google.com/books?hl=en&lr=&id=wdZZEQAAQBAJ&oi=fnd&pg=PA215&dq=%22definition+of+sensitive+data%22+%22gdpr%22%7C%22sensitive+information+type+entity+definitions%22%7C%22google%22%7C%22techtarget%22%7C%22gb+t+35273+2020%22&ots=m9dXUVr6io&sig=JHZUJrMQD3Axm9KnXOz6-6Wp9LA,,24,2026/3/25 16:41,,,,,,,,,0,0,0,1,1,"This chapter focuses on ways, practices, and resources available to protect data in DevSecOps processes, an essential element of application development. It focuses on software …",,https://scholar.google.com/scholar?q=related:5mmaf2oB9RcJ:scholar.google.com/&scioq=%22definition+of+sensitive+data%22+%22gdpr%22%7C%22sensitive+information+type+entity+definitions%22%7C%22google%22%7C%22techtarget%22%7C%22gb+t+35273+2020%22&hl=en&as_sdt=2007&as_ylo=2000&as_yhi=2025,"gdpr,ccpa,hipaa,microsoft"
0,"BS Dantas Fico, H Meng Nobrega",The Brazilian Data Protection Law for LGBTQIA+ People: Gender identity and sexual orientation as sensitive personal data.,2022,Direito e Práxis,search.ebscohost.com,https://search.ebscohost.com/login.aspx?direct=true&profile=ehost&scope=site&authtype=crawler&jrnl=21798966&AN=157511891&h=knMMALSQcHaEu6oqO5dkHpgOgTZIYvKZqKHChxIbIiPQfbUrBPFlpyUCMx4wgihEYvoUS5DmCvdbJ2IjTE9KGA%3D%3D&crl=c,,82,2026/3/25 16:41,,,,,,,,,0,0,0,2,4,"… In Ecuador, the definition of sensitive data provided for the Ecuadorian Organic Law on the Protection of Personal Data comprehends all personal data “whose improper processing may …",,https://scholar.google.com/scholar?q=related:dKNIPQ1jReQJ:scholar.google.com/&scioq=%22definition+of+sensitive+data%22+%22gdpr%22%7C%22sensitive+information+type+entity+definitions%22%7C%22google%22%7C%22techtarget%22%7C%22gb+t+35273+2020%22&hl=en&as_sdt=2007&as_ylo=2000&as_yhi=2025,gdpr
10,M Boban,ePrivacy and new European Data Protection Regime,2016,Economic and Social Development: Book of …,researchgate.net,https://www.researchgate.net/profile/Zdravko-Sergo-2/publication/309429634_EXPLORING_INTERNATIONAL_TOURISM_TRENDS_IN_THE_MEDITERRANEAN_CONVERGENCE_OR_BIG_DIVERGENCE/links/5810a05208aee15d4914bbf5/EXPLORING-INTERNATIONAL-TOURISM-TRENDS-IN-THE-MEDITERRANEAN-CONVERGENCE-OR-BIG-DIVERGENCE.pdf#page=159,https://scholar.google.com/scholar?cites=6156382792774040585&as_sdt=2005&sciodt=2007&hl=en,97,2026/3/25 16:41,PDF,,,,,,,,10,1,10,1,10,"… From this point of view, the GDPR presents an essential … definition of sensitive data, new provisions on protecting children's privacy, and the inclusion of"" rights to be forgotten"".(GDPR…",https://www.researchgate.net/profile/Zdravko-Sergo-2/publication/309429634_EXPLORING_INTERNATIONAL_TOURISM_TRENDS_IN_THE_MEDITERRANEAN_CONVERGENCE_OR_BIG_DIVERGENCE/links/5810a05208aee15d4914bbf5/EXPLORING-INTERNATIONAL-TOURISM-TRENDS-IN-THE-MEDITERRANEAN-CONVERGENCE-OR-BIG-DIVERGENCE.pdf#page=159,https://scholar.google.com/scholar?q=related:CbyfOIjdb1UJ:scholar.google.com/&scioq=%22definition+of+sensitive+data%22+%22gdpr%22%7C%22sensitive+information+type+entity+definitions%22%7C%22google%22%7C%22techtarget%22%7C%22gb+t+35273+2020%22&hl=en&as_sdt=2007&as_ylo=2000&as_yhi=2025,gdpr
2,"M Kotenko, R Karagioz, I Sopilko, V Andrusiv…",Personal data protection in Ukraine via the prism of european judicial institutions' practice,2025,Estudios en derecho a …,scielo.org.mx,https://www.scielo.org.mx/scielo.php?pid=S2594-00822025000100149&script=sci_arttext&tlng=en,https://scholar.google.com/scholar?cites=16492439618607473838&as_sdt=2005&sciodt=2007&hl=en,68,2026/3/25 16:41,HTML,,,,,,,,2,2,0,5,1,"… The GDPR was a response to the challenges posed by globalization and digitalization and … Thus, there is an urgent need for a legal definition of “sensitive data”, and an expansion of …",https://www.scielo.org.mx/scielo.php?pid=S2594-00822025000100149&script=sci_arttext&tlng=en,https://scholar.google.com/scholar?q=related:rmSt0nPq4OQJ:scholar.google.com/&scioq=%22definition+of+sensitive+data%22+%22gdpr%22%7C%22sensitive+information+type+entity+definitions%22%7C%22google%22%7C%22techtarget%22%7C%22gb+t+35273+2020%22&hl=en&as_sdt=2007&as_ylo=2000&as_yhi=2025,n
22,"E Muravyeva, J Janssen, M Specht…",Exploring solutions to the privacy paradox in the context of e-assessment: informed consent revisited,2020,Ethics and Information …,Springer,https://link.springer.com/article/10.1007/s10676-020-09531-5,https://scholar.google.com/scholar?cites=11946629252259864577&as_sdt=2005&sciodt=2007&hl=en,96,2026/3/25 16:41,HTML,10.1007/s10676-020-09531-5,,,,,,,22,3.67,6,4,6,"… To address Q2, we analyse the GDPR, which is specific to … However, this definition of sensitive data is not unambiguous, … are included in this definition of sensitive data. Even if they are …",https://link.springer.com/article/10.1007/s10676-020-09531-5,https://scholar.google.com/scholar?q=related:AWA9TAL0yqUJ:scholar.google.com/&scioq=%22definition+of+sensitive+data%22+%22gdpr%22%7C%22sensitive+information+type+entity+definitions%22%7C%22google%22%7C%22techtarget%22%7C%22gb+t+35273+2020%22&hl=en&as_sdt=2007&as_ylo=2000&as_yhi=2025,gdpr
34,"AS Ahmadian, D Strüber, V Riediger…",Model-based privacy analysis in industrial ecosystems,2017,European Conference on …,Springer,https://link.springer.com/chapter/10.1007/978-3-319-61482-3_13,https://scholar.google.com/scholar?cites=15932685033046699478&as_sdt=2005&sciodt=2007&hl=en,71,2026/3/25 16:41,,10.1007/978-3-319-61482-3_13,,,,,,,34,3.78,9,4,9,… The definition of sensitive data complies with the definition of personal data provided in Article 4 (1) of Regulation (EU) 2016/679 and particularly adheres to the definition of special …,https://www.academia.edu/download/84872404/ASRJ17.pdf,https://scholar.google.com/scholar?q=related:1m3uYJ9EHN0J:scholar.google.com/&scioq=%22definition+of+sensitive+data%22+%22gdpr%22%7C%22sensitive+information+type+entity+definitions%22%7C%22google%22%7C%22techtarget%22%7C%22gb+t+35273+2020%22&hl=en&as_sdt=2007&as_ylo=2000&as_yhi=2025,n
23,"V Kužina, AM Petric, M Barišić, A Jović",CASSED: context-based approach for structured sensitive data detection,2023,Expert systems with applications,Elsevier,https://www.sciencedirect.com/science/article/pii/S0957417423004256,https://scholar.google.com/scholar?cites=11005790095395127518&as_sdt=2005&sciodt=2007&hl=en,16,2026/3/25 16:41,HTML,,,,,,,,23,7.67,6,4,3,The need for sensitive data detection and identification has increased in recent years. Sensitive data detection and identification are necessary steps for privacy protection. The focus in …,https://www.sciencedirect.com/science/article/pii/S0957417423004256,https://scholar.google.com/scholar?q=related:3gCK1MdrvJgJ:scholar.google.com/&scioq=%22definition+of+sensitive+data%22+%22gdpr%22%7C%22sensitive+information+type+entity+definitions%22%7C%22google%22%7C%22techtarget%22%7C%22gb+t+35273+2020%22&hl=en&as_sdt=2007&as_ylo=2000&as_yhi=2025,"gdpr,LGPD,ccpa"
25,"M Mehrnezhad, T Van Der Merwe…",Mind the FemTech gap: regulation failings and exploitative systems,2024,Frontiers in the Internet of …,frontiersin.org,https://www.frontiersin.org/journals/the-internet-of-things/articles/10.3389/friot.2024.1296599/full,https://scholar.google.com/scholar?cites=2652094017568735664&as_sdt=2005&sciodt=2007&hl=en,100,2026/3/25 16:41,HTML,10.3389/friot.2024.1296599,,,,,,,25,12.5,8,3,2,"… The GDPR prohibits the processing of special category data. … When we search in the GDPR articles and guidelines, Fem-… One of the main changes is in the definition of sensitive data. …",https://www.frontiersin.org/journals/the-internet-of-things/articles/10.3389/friot.2024.1296599/full,https://scholar.google.com/scholar?q=related:sIEfJHUhziQJ:scholar.google.com/&scioq=%22definition+of+sensitive+data%22+%22gdpr%22%7C%22sensitive+information+type+entity+definitions%22%7C%22google%22%7C%22techtarget%22%7C%22gb+t+35273+2020%22&hl=en&as_sdt=2007&as_ylo=2000&as_yhi=2025,"gdpr,fadp"
18,"M Petrolini, S Cagnoni, M Mordonini",Automatic detection of sensitive data using transformer-based classifiers,2022,Future Internet,mdpi.com,https://www.mdpi.com/1999-5903/14/8/228,https://scholar.google.com/scholar?cites=13371205378846631915&as_sdt=2005&sciodt=2007&hl=en,7,2026/3/25 16:41,HTML,,,,,,,,18,4.5,6,3,4,… These companies must comply with the GDPR and be aware of the content of the data they … The definition of sensitive data has been intentionally kept generic to include a broader …,https://www.mdpi.com/1999-5903/14/8/228,https://scholar.google.com/scholar?q=related:6yfyyHIQkLkJ:scholar.google.com/&scioq=%22definition+of+sensitive+data%22+%22gdpr%22%7C%22sensitive+information+type+entity+definitions%22%7C%22google%22%7C%22techtarget%22%7C%22gb+t+35273+2020%22&hl=en&as_sdt=2007&as_ylo=2000&as_yhi=2025,gdpr
105,"P Quinn, G Malgieri",The difficulty of defining sensitive data—The concept of sensitive data in the EU data protection framework,2021,German Law Journal,cambridge.org,https://www.cambridge.org/core/journals/german-law-journal/article/difficulty-of-defining-sensitive-datathe-concept-of-sensitive-data-in-the-eu-data-protection-framework/5EC5932AAC5703E31D2C90045813F6C6,https://scholar.google.com/scholar?cites=17009725424173370669&as_sdt=2005&sciodt=2007&hl=en,1,2026/3/25 16:41,,,,,,,,,105,21,53,2,5,"… , arguably been fixed in law by the GDPR. In terms of a de … recent changes made by the GDPR. These innovations include … definition of sensitive data: The definition of sensitive data on …",https://www.cambridge.org/core/services/aop-cambridge-core/content/view/5EC5932AAC5703E31D2C90045813F6C6/S2071832221000791a.pdf/the-difficulty-of-defining-sensitive-datathe-concept-of-sensitive-data-in-the-eu-data-protection-framework.pdf,https://scholar.google.com/scholar?q=related:Lc3I4iavDuwJ:scholar.google.com/&scioq=%22definition+of+sensitive+data%22+%22gdpr%22%7C%22sensitive+information+type+entity+definitions%22%7C%22google%22%7C%22techtarget%22%7C%22gb+t+35273+2020%22&hl=en&as_sdt=2007&as_ylo=2000&as_yhi=2025,gdpr
19,"GA Chintoh, OD Segun-Falade…",Cross-jurisdictional data privacy compliance in the US: Developing a new model for managing AI data across state and federal laws,2025,Gulf Journal of …,researchgate.net,https://www.researchgate.net/profile/Amazing-Ekeh/publication/388833632_Cross-Jurisdictional_data_privacy_compliance_in_the_US_developing_a_new_model_for_managing_AI_data_across_state_and_federal_laws/links/67a930fa4c479b26c9db9d22/Cross-Jurisdictional-data-privacy-compliance-in-the-US-developing-a-new-model-for-managing-AI-data-across-state-and-federal-laws.pdf,https://scholar.google.com/scholar?cites=2661137115100640766&as_sdt=2005&sciodt=2007&hl=en,43,2026/3/25 16:41,PDF,,,,,,,,19,19,6,3,1,"… For example, the definition of ""sensitive data"" and the requirements for consent differ … Many US-based organizations must also comply with international regulations such as the GDPR, …",https://www.researchgate.net/profile/Amazing-Ekeh/publication/388833632_Cross-Jurisdictional_data_privacy_compliance_in_the_US_developing_a_new_model_for_managing_AI_data_across_state_and_federal_laws/links/67a930fa4c479b26c9db9d22/Cross-Jurisdictional-data-privacy-compliance-in-the-US-developing-a-new-model-for-managing-AI-data-across-state-and-federal-laws.pdf,https://scholar.google.com/scholar?q=related:_nUuXBtC7iQJ:scholar.google.com/&scioq=%22definition+of+sensitive+data%22+%22gdpr%22%7C%22sensitive+information+type+entity+definitions%22%7C%22google%22%7C%22techtarget%22%7C%22gb+t+35273+2020%22&hl=en&as_sdt=2007&as_ylo=2000&as_yhi=2025,"ccpa,vcdpa,hipaa"
4,"K Beadle, KI Turk, A Eusebi, M Tran…",SoK: a privacy framework for security research using social media data,2025,… IEEE Symposium on …,ieeexplore.ieee.org,https://ieeexplore.ieee.org/abstract/document/11023489/,https://scholar.google.com/scholar?cites=10513478681668071409&as_sdt=2005&sciodt=2007&hl=en,94,2026/3/25 16:41,,,,,,,,,4,4,1,5,1,"… The EU’s GDPR is a framework for thinking rigorously about … We refer to Article 9 of the GDPR’s definition of sensitive data, ie, “… The GDPR typically necessitates clear consent for …",https://discovery.ucl.ac.uk/id/eprint/10207363/1/sp2025c2-final609.pdf,https://scholar.google.com/scholar?q=related:8a93fihh55EJ:scholar.google.com/&scioq=%22definition+of+sensitive+data%22+%22gdpr%22%7C%22sensitive+information+type+entity+definitions%22%7C%22google%22%7C%22techtarget%22%7C%22gb+t+35273+2020%22&hl=en&as_sdt=2007&as_ylo=2000&as_yhi=2025,gdpr
0,"S Ghosal, RK Shyamasundar",Information Flow Security Certification for SPARK Programs,2020,IFIP Annual Conference on Data and …,Springer,https://link.springer.com/chapter/10.1007/978-3-030-49669-2_8,,87,2026/3/25 16:41,,10.1007/978-3-030-49669-2_8,,,,,,,0,0,0,2,6,"… Thus, it must be evident that there is a need to build a succinct definition of “sensitive” data and provide an algorithmic analysis for the compiler/runtime monitor for appropriate treatment…",https://inria.hal.science/hal-03243629/file/496047_1_En_8_Chapter.pdf,https://scholar.google.com/scholar?q=related:rrJ5n76pP0UJ:scholar.google.com/&scioq=%22definition+of+sensitive+data%22+%22gdpr%22%7C%22sensitive+information+type+entity+definitions%22%7C%22google%22%7C%22techtarget%22%7C%22gb+t+35273+2020%22&hl=en&as_sdt=2007&as_ylo=2000&as_yhi=2025,n
0,SUDINA APPS,International Journal Research Publication Analysis,,ijrpa.com,,https://www.ijrpa.com/myimgup/2145755617IJRPA-606.pdf,,51,2026/3/25 16:41,PDF,,,,,,,,0,0,0,1,,"… Legal Frameworks: GDPR and CCPA/CPRA Modern data privacy regulations have codified the definition of sensitive data, imposing strict requirements on its collection, processing, and …",https://www.ijrpa.com/myimgup/2145755617IJRPA-606.pdf,https://scholar.google.com/scholar?q=related:-cEuM1PpWFkJ:scholar.google.com/&scioq=%22definition+of+sensitive+data%22+%22gdpr%22%7C%22sensitive+information+type+entity+definitions%22%7C%22google%22%7C%22techtarget%22%7C%22gb+t+35273+2020%22&hl=en&as_sdt=2007&as_ylo=2000&as_yhi=2025,"ccpa,gdpr"
12,"T Shine, J Thomason, I Khan, M Maher…",Blockchain in healthcare: 2023 predictions from around the globe,2023,… in Healthcare Today,pmc.ncbi.nlm.nih.gov,https://pmc.ncbi.nlm.nih.gov/articles/PMC9927594/,https://scholar.google.com/scholar?cites=8560818482544726325&as_sdt=2005&sciodt=2007&hl=en,48,2026/3/25 16:41,HTML,,,,,,,,12,4,2,5,3,"… ) and General Data Protection Regulation (GDPR, a European Union regulation on data … risk categories are diversified and enlarge the definition of sensitive data. A few years ago, …",https://pmc.ncbi.nlm.nih.gov/articles/PMC9927594/,https://scholar.google.com/scholar?q=related:NVGtfg0jznYJ:scholar.google.com/&scioq=%22definition+of+sensitive+data%22+%22gdpr%22%7C%22sensitive+information+type+entity+definitions%22%7C%22google%22%7C%22techtarget%22%7C%22gb+t+35273+2020%22&hl=en&as_sdt=2007&as_ylo=2000&as_yhi=2025,"gdpr,hipaa"
68,"G Malgieri, G Comandé",Sensitive-by-distance: quasi-health data in the algorithmic era,2017,Information &Communications …,Taylor &Francis,https://www.tandfonline.com/doi/abs/10.1080/13600834.2017.1335468,https://scholar.google.com/scholar?cites=14123828432452686976&as_sdt=2005&sciodt=2007&hl=en,29,2026/3/25 16:41,,10.1080/13600834.2017.1335468,,,,,,,68,7.56,34,2,9,"… , ie – mutatis mutandis what the GDPR states for reasonability of identification of personal … We have also demonstrated the opaqueness of the definition of sensitive data and the need …",https://papers.ssrn.com/sol3/Delivery.cfm?abstractid=3020628,https://scholar.google.com/scholar?q=related:gJTnyCDrAcQJ:scholar.google.com/&scioq=%22definition+of+sensitive+data%22+%22gdpr%22%7C%22sensitive+information+type+entity+definitions%22%7C%22google%22%7C%22techtarget%22%7C%22gb+t+35273+2020%22&hl=en&as_sdt=2007&as_ylo=2000&as_yhi=2025,n
7,"CRM IGP, CIP CIPP",EU privacy regulations' impact on information governance,2016,Information Management,search.proquest.com,https://search.proquest.com/openview/3ee6f090bb6e1cb4b0ac4dc07d9ff187/1?pq-origsite=gscholar&cbl=47365,https://scholar.google.com/scholar?cites=10486794831887359368&as_sdt=2005&sciodt=2007&hl=en,76,2026/3/25 16:41,,,,,,,,,7,0.7,4,2,10,… The following provides information about the new GDPR and the Safe Harbor Agreement … “Sensitive data” definition: The EU definition of “sensitive data” relating to background such as …,,https://scholar.google.com/scholar?q=related:iF0Mk1aUiJEJ:scholar.google.com/&scioq=%22definition+of+sensitive+data%22+%22gdpr%22%7C%22sensitive+information+type+entity+definitions%22%7C%22google%22%7C%22techtarget%22%7C%22gb+t+35273+2020%22&hl=en&as_sdt=2007&as_ylo=2000&as_yhi=2025,n
0,"W Wang, D Tian, X Duan, J Zhou, P Lang",A Data Transmission Behavior Simulation Platform for Security Supervision of Intelligent Connected Vehicles,2024,International Conference on …,Springer,https://link.springer.com/chapter/10.1007/978-981-96-7441-1_19,,81,2026/3/25 16:41,,10.1007/978-981-96-7441-1_19,,,,,,,0,0,0,5,2,"For purposes such as safety and infotainment, intelligent connected vehicles (ICVs) require substantial data collection and transmission, which raises significant security concerns and …",,https://scholar.google.com/scholar?q=related:xCj7rQg__uUJ:scholar.google.com/&scioq=%22definition+of+sensitive+data%22+%22gdpr%22%7C%22sensitive+information+type+entity+definitions%22%7C%22google%22%7C%22techtarget%22%7C%22gb+t+35273+2020%22&hl=en&as_sdt=2007&as_ylo=2000&as_yhi=2025,n
0,A Turci,The Definition of Biometric Data in the Context of French Legislative Experimentation and the Implementation of the AI Act,2024,International Conference on AI for Global Security,Springer,https://link.springer.com/chapter/10.1007/978-3-031-96522-7_13,,49,2026/3/25 16:41,,10.1007/978-3-031-96522-7_13,,,,,,,0,0,0,1,2,… Footnote 48 Yet the integration of the finality in the definition of sensitive data prevents from … as complementary alongside the GDPR and LED. This underlines “the structural role of the …,,https://scholar.google.com/scholar?q=related:otvrvQD0WSIJ:scholar.google.com/&scioq=%22definition+of+sensitive+data%22+%22gdpr%22%7C%22sensitive+information+type+entity+definitions%22%7C%22google%22%7C%22techtarget%22%7C%22gb+t+35273+2020%22&hl=en&as_sdt=2007&as_ylo=2000&as_yhi=2025,n
1,"P Yu, D Wang, S Zhang",Research on Identification Method of Sensitive Data in Power System,2021,International Conference on Big Data and …,Springer,https://link.springer.com/chapter/10.1007/978-981-19-0852-1_4,https://scholar.google.com/scholar?cites=6918022063752832060&as_sdt=2005&sciodt=2007&hl=en,10,2026/3/25 16:41,,10.1007/978-981-19-0852-1_4,,,,,,,1,0.2,0,3,5,… The protection process of power system sensitive data starts with the definition of sensitive data. The definition of sensitive data needs to be clear about the data content to be protected …,,https://scholar.google.com/scholar?q=related:PGRN6mnAAWAJ:scholar.google.com/&scioq=%22definition+of+sensitive+data%22+%22gdpr%22%7C%22sensitive+information+type+entity+definitions%22%7C%22google%22%7C%22techtarget%22%7C%22gb+t+35273+2020%22&hl=en&as_sdt=2007&as_ylo=2000&as_yhi=2025,n
5,"G Livraga, A Olzojevs, M Viviani",Unveiling the privacy risk: A trade-off between user behavior and information propagation in social media,2023,International Conference on Complex …,Springer,https://link.springer.com/chapter/10.1007/978-3-031-53503-1_23,https://scholar.google.com/scholar?cites=1222882798694066201&as_sdt=2005&sciodt=2007&hl=en,93,2026/3/25 16:41,,10.1007/978-3-031-53503-1_23,,,,,,,5,1.67,2,3,3,"… in [20], by taking inspiration from the definition of sensitive data in the EU GDPR – with ten sensitive … 9 of the EU GDPR, and are therefore deemed highly sensitive and in need of specific …",https://air.unimi.it/bitstream/2434/1079468/2/lov-cn2023.pdf,https://scholar.google.com/scholar?q=related:GWgYIm2N-BAJ:scholar.google.com/&scioq=%22definition+of+sensitive+data%22+%22gdpr%22%7C%22sensitive+information+type+entity+definitions%22%7C%22google%22%7C%22techtarget%22%7C%22gb+t+35273+2020%22&hl=en&as_sdt=2007&as_ylo=2000&as_yhi=2025,n
0,"D Fernandez, J Barbero",Road to homogenization? Argentina publishes a new bill to replace the Personal Data Protection Law,2023,International Cybersecurity Law Review,Springer,https://link.springer.com/article/10.1365/s43439-023-00098-7,,92,2026/3/25 16:41,,10.1365/s43439-023-00098-7,,,,,,,0,0,0,2,3,"… to other major data privacy regimes like the GDPR. It also highlights new elements that … data in the definition of sensitive data. Therefore, the definition of sensitive data is broadened to …",,https://scholar.google.com/scholar?q=related:q76qLqG2yusJ:scholar.google.com/&scioq=%22definition+of+sensitive+data%22+%22gdpr%22%7C%22sensitive+information+type+entity+definitions%22%7C%22google%22%7C%22techtarget%22%7C%22gb+t+35273+2020%22&hl=en&as_sdt=2007&as_ylo=2000&as_yhi=2025,n
57,"ES Dove, J Chen",Should consent for data processing be privileged in health research? A comparative legal analysis,2020,International Data Privacy Law,academic.oup.com,https://academic.oup.com/idpl/article-pdf/doi/10.1093/idpl/ipz023/33495048/ipz023.pdf,https://scholar.google.com/scholar?cites=14482401076665453658&as_sdt=2005&sciodt=2007&hl=en,70,2026/3/25 16:41,PDF,10.1093/idpl/ipz023/33495048/ipz023,,,,,,,57,9.5,29,2,6,"… As far as the matters covered by the GDPR are concerned, the DPA 2018 is mostly aligned to the EU standard, including, for example, the definition of sensitive data (‘special categories …",https://academic.oup.com/idpl/article-pdf/doi/10.1093/idpl/ipz023/33495048/ipz023.pdf,https://scholar.google.com/scholar?q=related:WgxhVQzT-8gJ:scholar.google.com/&scioq=%22definition+of+sensitive+data%22+%22gdpr%22%7C%22sensitive+information+type+entity+definitions%22%7C%22google%22%7C%22techtarget%22%7C%22gb+t+35273+2020%22&hl=en&as_sdt=2007&as_ylo=2000&as_yhi=2025,n
28,"M Wang, Z Jiang",The defining approaches and practical paradox of sensitive data: An investigation of data protection laws in 92 countries and regions and 200 data breaches in the …,2017,International Journal of Communication,ijoc.org,https://ijoc.org/index.php/ijoc/article/view/6892,https://scholar.google.com/scholar?cites=13070709152077262427&as_sdt=2005&sciodt=2007&hl=en,6,2026/3/25 16:41,,,,,,,,,28,3.11,14,2,9,"… whether there was a definition of sensitive data, and figured out … or region’s definition of sensitive data, and calculated the … for upgrading the definition of sensitive data based on juristic …",https://ijoc.org/index.php/ijoc/article/download/6892/2111,https://scholar.google.com/scholar?q=related:Wy4D5Lh8ZLUJ:scholar.google.com/&scioq=%22definition+of+sensitive+data%22+%22gdpr%22%7C%22sensitive+information+type+entity+definitions%22%7C%22google%22%7C%22techtarget%22%7C%22gb+t+35273+2020%22&hl=en&as_sdt=2007&as_ylo=2000&as_yhi=2025,n
0,"AO Salau, AO Oyero",… PRIVACY PROTECTION IN THE MIDDLE EAST AND NORTH AFRICA BEYOND GENERAL DATA PROTECTION REGULATION (GDPR): LESSONS FOR BRUNEI,2025,International Journal Of Legal Studies And …,unissa.edu.bn,https://unissa.edu.bn/journal/index.php/ijlsp/article/view/1188,,28,2026/3/25 16:41,,,,,,,,,0,0,0,2,1,"… Similarly, the definition of sensitive data categories could reflect specific cultural and religious sensitivities in Bruneian society, potentially extending special protection to information …",https://unissa.edu.bn/journal/index.php/ijlsp/article/download/1188/834,https://scholar.google.com/scholar?q=related:wgkyrp_yWR0J:scholar.google.com/&scioq=%22definition+of+sensitive+data%22+%22gdpr%22%7C%22sensitive+information+type+entity+definitions%22%7C%22google%22%7C%22techtarget%22%7C%22gb+t+35273+2020%22&hl=en&as_sdt=2007&as_ylo=2000&as_yhi=2025,gdpr
15,C De Terwangne,The work of revision of the Council of Europe Convention 108 for the protection of individuals as regards the automatic processing of personal data,2014,"International Review of Law, Computers & …",Taylor &Francis,https://www.tandfonline.com/doi/abs/10.1080/13600869.2013.801588,https://scholar.google.com/scholar?cites=14823329633295432079&as_sdt=2005&sciodt=2007&hl=en,85,2026/3/25 16:41,,10.1080/13600869.2013.801588,,,,,,,15,1.25,15,1,12,"… Google, Wikipedia and social networking sites are three illustrations among many of the … The current definition of sensitive data given by article 6 of the Convention is very broad …",,https://scholar.google.com/scholar?q=related:j3kYncMLt80J:scholar.google.com/&scioq=%22definition+of+sensitive+data%22+%22gdpr%22%7C%22sensitive+information+type+entity+definitions%22%7C%22google%22%7C%22techtarget%22%7C%22gb+t+35273+2020%22&hl=en&as_sdt=2007&as_ylo=2000&as_yhi=2025,n
2,R Argren,What militaries need to know about data protection and the right to digital privacy/private life,2025,International Review of the Red Cross,cambridge.org,https://www.cambridge.org/core/journals/international-review-of-the-red-cross/article/what-militaries-need-to-know-about-data-protection-and-the-right-to-digital-privacyprivate-life/2EB0F2BE36A1AB34DB091E82C622FF27,https://scholar.google.com/scholar?cites=14740096863263497679&as_sdt=2005&sciodt=2007&hl=en,53,2026/3/25 16:41,,,,,,,,,2,2,2,1,1,… 4 The definition of sensitive data covers more than data … Article 4(1) of the GDPR defines the data subject as a natural … the safeguards stipulated by the GDPR.The same definition of who …,https://www.cambridge.org/core/services/aop-cambridge-core/content/view/2EB0F2BE36A1AB34DB091E82C622FF27/S1816383124000353a.pdf/div-class-title-what-militaries-need-to-know-about-data-protection-and-the-right-to-digital-privacy-private-life-div.pdf,https://scholar.google.com/scholar?q=related:z52rMQBYj8wJ:scholar.google.com/&scioq=%22definition+of+sensitive+data%22+%22gdpr%22%7C%22sensitive+information+type+entity+definitions%22%7C%22google%22%7C%22techtarget%22%7C%22gb+t+35273+2020%22&hl=en&as_sdt=2007&as_ylo=2000&as_yhi=2025,gdpr
1,"B Kira, CN Tambelli…",Data protection in Brazil: Critical analysis of the Brazilian Legislation,2022,"Internetlab, pesquisa em …",internetlab.org.br,https://internetlab.org.br/wp-content/uploads/2017/03/Legal-Framework-Analysis-Brazil.pdf,https://scholar.google.com/scholar?cites=14114067352206261051&as_sdt=2005&sciodt=2007&hl=en,67,2026/3/25 16:41,PDF,,,,,,,,1,0.25,0,3,4,"… Apart from that, Bill 5276/2016 also brings a definition of sensitive data in its art. 5º, III, as … the new General Data Protection Regulation (GDPR) the unequivocal consent from the owner …",https://internetlab.org.br/wp-content/uploads/2017/03/Legal-Framework-Analysis-Brazil.pdf,https://scholar.google.com/scholar?q=related:OzsxMHo938MJ:scholar.google.com/&scioq=%22definition+of+sensitive+data%22+%22gdpr%22%7C%22sensitive+information+type+entity+definitions%22%7C%22google%22%7C%22techtarget%22%7C%22gb+t+35273+2020%22&hl=en&as_sdt=2007&as_ylo=2000&as_yhi=2025,gdpr
57,K McCullagh,Data sensitivity: Proposals for resolving the conundrum,2007,J. Int'l Com. L. &Tech.,HeinOnline,https://heinonline.org/hol-cgi-bin/get_pdf.cgi?handle=hein.journals/jcolate2&section=26,https://scholar.google.com/scholar?cites=13558531786692833270&as_sdt=2005&sciodt=2007&hl=en,44,2026/3/25 16:41,,,,,,,,,57,3,57,1,19,"… For example, a search of trips to Rome conducted by a web surfer using Google or his or her purchases of religious books, reading of a papal encyclical, etc, may be treated as …",https://papers.ssrn.com/sol3/Delivery.cfm?abstractid=1378121,https://scholar.google.com/scholar?q=related:9i-r5dKUKbwJ:scholar.google.com/&scioq=%22definition+of+sensitive+data%22+%22gdpr%22%7C%22sensitive+information+type+entity+definitions%22%7C%22google%22%7C%22techtarget%22%7C%22gb+t+35273+2020%22&hl=en&as_sdt=2007&as_ylo=2000&as_yhi=2025,n
2,"X Zhao, G Yuan, S Qiu, C Xu, S Wei",A mobile edge computing-focused transferable sensitive data identification method based on product quantization,2024,Journal of Cloud Computing,Springer,https://link.springer.com/article/10.1186/s13677-024-00662-4,https://scholar.google.com/scholar?cites=2575894544464207363&as_sdt=2005&sciodt=2007&hl=en,20,2026/3/25 16:41,HTML,10.1186/s13677-024-00662-4,,,,,,,2,1,0,5,2,"… the diversity of production data, the definition of sensitive data will be affected by subjective … , and the BERT [31] model proposed by Google. The BERT model is the most widely used pre…",https://link.springer.com/article/10.1186/s13677-024-00662-4,https://scholar.google.com/scholar?q=related:A96nxXBqvyMJ:scholar.google.com/&scioq=%22definition+of+sensitive+data%22+%22gdpr%22%7C%22sensitive+information+type+entity+definitions%22%7C%22google%22%7C%22techtarget%22%7C%22gb+t+35273+2020%22&hl=en&as_sdt=2007&as_ylo=2000&as_yhi=2025,n
24,G Malgieri,In/acceptable marketing and consumers' privacy expectations: four tests from EU data protection law,2023,Journal of Consumer Marketing,emerald.com,https://www.emerald.com/jcm/article/40/2/209/203791,https://scholar.google.com/scholar?cites=14200717465117588360&as_sdt=2005&sciodt=2007&hl=en,64,2026/3/25 16:41,HTML,,,,,,,,24,8,24,1,3,"Purpose This study aims to discover the legal borderline between licit online marketing and illicit privacy-intrusive and manipulative marketing, considering in particular consumers’ …",https://www.emerald.com/jcm/article/40/2/209/203791,https://scholar.google.com/scholar?q=related:iPsEwEsVE8UJ:scholar.google.com/&scioq=%22definition+of+sensitive+data%22+%22gdpr%22%7C%22sensitive+information+type+entity+definitions%22%7C%22google%22%7C%22techtarget%22%7C%22gb+t+35273+2020%22&hl=en&as_sdt=2007&as_ylo=2000&as_yhi=2025,n
1,W Rahayu,Legal Framework For Health Data Protection: Balancing Patient Privacy and Institutional Needs,2025,… Journal of Health Administration Law and …,journal.univummibogor.ac.id,https://journal.univummibogor.ac.id/index.php/IJHALGP/article/view/16,https://scholar.google.com/scholar?cites=14466765360744324987&as_sdt=2005&sciodt=2007&hl=en,52,2026/3/25 16:41,,,,,,,,,1,1,1,1,1,… The GDPR is recognised as one of the strictest and most comprehensive data protection … GDPR that are relevant to health data protection include: 1. Definition of Sensitive Data: GDPR …,https://journal.univummibogor.ac.id/index.php/IJHALGP/article/download/16/16,https://scholar.google.com/scholar?q=related:e18XiHJGxMgJ:scholar.google.com/&scioq=%22definition+of+sensitive+data%22+%22gdpr%22%7C%22sensitive+information+type+entity+definitions%22%7C%22google%22%7C%22techtarget%22%7C%22gb+t+35273+2020%22&hl=en&as_sdt=2007&as_ylo=2000&as_yhi=2025,n
94,"M Ienca, G Malgieri",Mental data protection and the GDPR,2022,Journal of Law and the Biosciences,academic.oup.com,https://academic.oup.com/jlb/article-pdf/doi/10.1093/jlb/lsac006/43965523/lsac006.pdf,https://scholar.google.com/scholar?cites=6983120770694429467&as_sdt=2005&sciodt=2007&hl=en,26,2026/3/25 16:41,PDF,10.1093/jlb/lsac006/43965523/lsac006,,,,,,,94,23.5,47,2,4,"… We concluded that, although the contextual definition of ‘sensitive data’ might appear … , sexuality or political/religious beliefs), the GDPR—through an extensive interpretation of ‘risk’ …",https://academic.oup.com/jlb/article-pdf/doi/10.1093/jlb/lsac006/43965523/lsac006.pdf,https://scholar.google.com/scholar?q=related:G7vkwFcH6WAJ:scholar.google.com/&scioq=%22definition+of+sensitive+data%22+%22gdpr%22%7C%22sensitive+information+type+entity+definitions%22%7C%22google%22%7C%22techtarget%22%7C%22gb+t+35273+2020%22&hl=en&as_sdt=2007&as_ylo=2000&as_yhi=2025,n
18,"RM Hendricks-Sturrup, KL Cerminara…",A qualitative study to develop a privacy and nondiscrimination best practice framework for personalized wellness programs,2020,Journal of personalized …,mdpi.com,https://www.mdpi.com/2075-4426/10/4/264,https://scholar.google.com/scholar?cites=3459716578056550339&as_sdt=2005&sciodt=2007&hl=en,88,2026/3/25 16:41,HTML,,,,,,,,18,3,6,3,6,"… possible under the EU General Data Protection Regulation (GDPR), a law that offers privacy … data fall within the GDPR’s special category/definition of sensitive data [44]. The GDPR’s …",https://www.mdpi.com/2075-4426/10/4/264,https://scholar.google.com/scholar?q=related:wzeXuuVhAzAJ:scholar.google.com/&scioq=%22definition+of+sensitive+data%22+%22gdpr%22%7C%22sensitive+information+type+entity+definitions%22%7C%22google%22%7C%22techtarget%22%7C%22gb+t+35273+2020%22&hl=en&as_sdt=2007&as_ylo=2000&as_yhi=2025,"gdpr,hipaa"
3,C Jasserand,Article 10: Processing of Special Categories of Personal Data,2023,"LED Commentary, OUP (Fall 2023, Forthcoming) …",papers.ssrn.com,https://papers.ssrn.com/sol3/papers.cfm?abstract_id=4467178,https://scholar.google.com/scholar?cites=10462143663659062453&as_sdt=2005&sciodt=2007&hl=en,66,2026/3/25 16:41,,,,,,,,,3,1,3,1,3,"… Article 10 provides the same list of sensitive data as Article 9 GDPR and Article 10 EUDPR. But the regime is different as, contrary to the GDPR and the … Definition of sensitive data …",https://papers.ssrn.com/sol3/Delivery.cfm?abstractid=4467178,https://scholar.google.com/scholar?q=related:tZSANTsAMZEJ:scholar.google.com/&scioq=%22definition+of+sensitive+data%22+%22gdpr%22%7C%22sensitive+information+type+entity+definitions%22%7C%22google%22%7C%22techtarget%22%7C%22gb+t+35273+2020%22&hl=en&as_sdt=2007&as_ylo=2000&as_yhi=2025,gdpr
50,P Quinn,Research under the GDPR–a level playing field for public and private sector research?,2021,"Life Sciences, Society and Policy",Springer,https://link.springer.com/article/10.1186/s40504-021-00111-z,https://scholar.google.com/scholar?cites=15424928280129760602&as_sdt=2005&sciodt=2007&hl=en,83,2026/3/25 16:41,HTML,10.1186/s40504-021-00111-z,,,,,,,50,10,50,1,5,"… The breath of the definition of sensitive data is important. Not only are each of the elements described in article 9 of enormous potential breadth, many are likely to include forms of data …",https://link.springer.com/article/10.1186/s40504-021-00111-z,https://scholar.google.com/scholar?q=related:Wu0Cx4taENYJ:scholar.google.com/&scioq=%22definition+of+sensitive+data%22+%22gdpr%22%7C%22sensitive+information+type+entity+definitions%22%7C%22google%22%7C%22techtarget%22%7C%22gb+t+35273+2020%22&hl=en&as_sdt=2007&as_ylo=2000&as_yhi=2025,gdpr
12,"P Feng, J Ma, C Sun",Selecting critical data flows in Android applications for abnormal behavior detection,2017,Mobile Information Systems,Wiley Online Library,https://onlinelibrary.wiley.com/doi/abs/10.1155/2017/7397812,https://scholar.google.com/scholar?cites=8238939952989962579&as_sdt=2005&sciodt=2007&hl=en,61,2026/3/25 16:41,,10.1155/2017/7397812,,,,,,,12,1.33,4,3,9,"… analysis, and the definition of sensitive data sources and sinks in Android applications. … Google Play to verify the effectiveness of SCDFLOW. For each of the 28 app categories in Google …",https://onlinelibrary.wiley.com/doi/pdf/10.1155/2017/7397812,https://scholar.google.com/scholar?q=related:U4G9RzyYVnIJ:scholar.google.com/&scioq=%22definition+of+sensitive+data%22+%22gdpr%22%7C%22sensitive+information+type+entity+definitions%22%7C%22google%22%7C%22techtarget%22%7C%22gb+t+35273+2020%22&hl=en&as_sdt=2007&as_ylo=2000&as_yhi=2025,n
40,"X Li, G Cheng, L Wang, J Wang, Y Ran, T Che, G Li…",Boosting geoscience data sharing in China,2021,Nature …,nature.com,https://www.nature.com/articles/s41561-021-00808-y,https://scholar.google.com/scholar?cites=12343247966648957428&as_sdt=2005&sciodt=2007&hl=en,86,2026/3/25 16:41,,,,,,,,,40,8,5,8,5,"… , it is important to have a clear definition of sensitive data and specific rules for their sharing … , Google Earth Engine, a platform for analysing geospatial information on the basis of Google …",https://www.researchgate.net/profile/Youhua-Ran/publication/353723871_Boosting_geoscience_data_sharing_in_China/links/610c929c1ca20f6f8604483b/Boosting-geoscience-data-sharing-in-China.pdf?_sg%5B0%5D=started_experiment_milestone&_sg%5B1%5D=started_experiment_milestone&origin=journalDetail&_rtd=e30%3D,https://scholar.google.com/scholar?q=related:9Hms2qAGTKsJ:scholar.google.com/&scioq=%22definition+of+sensitive+data%22+%22gdpr%22%7C%22sensitive+information+type+entity+definitions%22%7C%22google%22%7C%22techtarget%22%7C%22gb+t+35273+2020%22&hl=en&as_sdt=2007&as_ylo=2000&as_yhi=2025,n
15,"Z Meng, Y Xiong, W Huang, L Qin, X Jin, H Yan",AppScalpel: Combining static analysis and outlier detection to identify and prune undesirable usage of sensitive data in Android applications,2019,Neurocomputing,Elsevier,https://www.sciencedirect.com/science/article/pii/S0925231219302577,https://scholar.google.com/scholar?cites=4871887106484796916&as_sdt=2005&sciodt=2007&hl=en,34,2026/3/25 16:41,,,,,,,,,15,2.14,3,6,7,"Today’s Android users face a security dilemma: they want to grant permissions to apps for enjoying more abundant functionalities, but also worry that the apps may abuse these …",,https://scholar.google.com/scholar?q=related:9P3Uz4JrnEMJ:scholar.google.com/&scioq=%22definition+of+sensitive+data%22+%22gdpr%22%7C%22sensitive+information+type+entity+definitions%22%7C%22google%22%7C%22techtarget%22%7C%22gb+t+35273+2020%22&hl=en&as_sdt=2007&as_ylo=2000&as_yhi=2025,n
64,"P Magee, M Ienca, N Farahany",Beyond neural data: Cognitive biometrics and mental privacy,2024,Neuron,cell.com,https://www.cell.com/neuron/fulltext/S0896-6273(24)00652-4,https://scholar.google.com/scholar?cites=1173623477044281497&as_sdt=2005&sciodt=2007&hl=en,39,2026/3/25 16:41,HTML,,,,,,,,64,32,21,3,2,"… Existing laws such as the EU GDPR 60 and CCPA 54 provide baseline protections for … , 77 and several countries’ definition of sensitive data includes mental or psychological health data…",https://www.cell.com/neuron/fulltext/S0896-6273(24)00652-4,https://scholar.google.com/scholar?q=related:mYBIkVWMSRAJ:scholar.google.com/&scioq=%22definition+of+sensitive+data%22+%22gdpr%22%7C%22sensitive+information+type+entity+definitions%22%7C%22google%22%7C%22techtarget%22%7C%22gb+t+35273+2020%22&hl=en&as_sdt=2007&as_ylo=2000&as_yhi=2025,n
1343,"O Tene, J Polonetsky",Big data for all: Privacy and user control in the age of analytics,2012,Nw. J. Tech. &Intell. Prop.,HeinOnline,https://heinonline.org/hol-cgi-bin/get_pdf.cgi?handle=hein.journals/nwteintp11&section=21,https://scholar.google.com/scholar?cites=9506817823791058048&as_sdt=2005&sciodt=2007&hl=en,79,2026/3/25 16:41,,,,,,,,,1343,95.93,672,2,14,"… (Google Analytics), cloud platform service (Google Apps), and many others.In addition, Google … As a result, Google now has a presence on well over 70 percent of third party websites.61 …",https://scholarlycommons.law.northwestern.edu/cgi/viewcontent.cgi?article=1191&context=njtip,https://scholar.google.com/scholar?q=related:gAxrA3EA74MJ:scholar.google.com/&scioq=%22definition+of+sensitive+data%22+%22gdpr%22%7C%22sensitive+information+type+entity+definitions%22%7C%22google%22%7C%22techtarget%22%7C%22gb+t+35273+2020%22&hl=en&as_sdt=2007&as_ylo=2000&as_yhi=2025,n
123,DJ Solove,Data is what data does: Regulating based on harm and risk instead of sensitive data,2023,Nw. UL Rev.,HeinOnline,https://heinonline.org/hol-cgi-bin/get_pdf.cgi?handle=hein.journals/illlr118&section=35,https://scholar.google.com/scholar?cites=2711669590183882210&as_sdt=2005&sciodt=2007&hl=en,3,2026/3/25 16:41,,,,,,,,,123,41,123,1,3,… definition of sensitive data… GDPR.A major divergence is that the laws of many other countries include criminal records as sensitive data whereas the GDPR does not (although the GDPR …,https://scholarship.law.gwu.edu/cgi/viewcontent.cgi?article=2923&context=faculty_publications,https://scholar.google.com/scholar?q=related:4q0jDyDJoSUJ:scholar.google.com/&scioq=%22definition+of+sensitive+data%22+%22gdpr%22%7C%22sensitive+information+type+entity+definitions%22%7C%22google%22%7C%22techtarget%22%7C%22gb+t+35273+2020%22&hl=en&as_sdt=2007&as_ylo=2000&as_yhi=2025,n
140,"M Tahaei, K Vaniea, N Saphra",Understanding privacy-related questions on stack overflow,2020,… of the 2020 CHI conference on human …,dl.acm.org,https://dl.acm.org/doi/abs/10.1145/3313831.3376768,https://scholar.google.com/scholar?cites=11415931451330937671&as_sdt=2005&sciodt=2007&hl=en,69,2026/3/25 16:41,,10.1145/3313831.3376768,,,,,,,140,23.33,47,3,6,"… We also find that platforms such as Apple and Google are defining privacy requirements for … a PP is even necessary, or even what the definition of “sensitive data” is. “My app’s operates …",https://dl.acm.org/doi/pdf/10.1145/3313831.3376768,https://scholar.google.com/scholar?q=related:R0PKuCuJbZ4J:scholar.google.com/&scioq=%22definition+of+sensitive+data%22+%22gdpr%22%7C%22sensitive+information+type+entity+definitions%22%7C%22google%22%7C%22techtarget%22%7C%22gb+t+35273+2020%22&hl=en&as_sdt=2007&as_ylo=2000&as_yhi=2025,n
1,"G Cecere, C Tucker, V Lefrere",Does Firm Size Influence the Collection of Sensitive Data?: A Study of Child-Orientated Apps,2025,… of the 26th ACM Conference on …,dl.acm.org,https://dl.acm.org/doi/abs/10.1145/3736252.3742602,https://scholar.google.com/scholar?cites=18118301244992957348&as_sdt=2005&sciodt=2007&hl=en,18,2026/3/25 16:41,,10.1145/3736252.3742602,,,,,,,1,1,0,3,1,"… We use the COPPA definition of sensitive data to determine whether an app requires … the Google Play Store. To measure whether children’s apps violate COPPA, we identify the Google …",https://dl.acm.org/doi/pdf/10.1145/3736252.3742602,https://scholar.google.com/scholar?q=related:pKtSyfwicfsJ:scholar.google.com/&scioq=%22definition+of+sensitive+data%22+%22gdpr%22%7C%22sensitive+information+type+entity+definitions%22%7C%22google%22%7C%22techtarget%22%7C%22gb+t+35273+2020%22&hl=en&as_sdt=2007&as_ylo=2000&as_yhi=2025,n
0,"A Gurjar, X Ma, A Chaora, V Kumar, A Muralidharan…",Potential and Problems in Detecting Privacy Risks in Source Code Using Large Language Models,,pnnl.gov,,https://www.pnnl.gov/sites/default/files/media/file/Potential%20and%20problems%20in%20LLMs%20Gurjar.pdf,,75,2026/3/25 16:41,PDF,,,,,,,,0,0,0,6,,"… The Act has an expansive definition of sensitive data types … the models’ knowledge of GDPR and CCPA regulations to … contain sensitive data according to GDPR or CCPA guidelines, …",https://www.pnnl.gov/sites/default/files/media/file/Potential%20and%20problems%20in%20LLMs%20Gurjar.pdf,https://scholar.google.com/scholar?q=related:t-oCME_fhb8J:scholar.google.com/&scioq=%22definition+of+sensitive+data%22+%22gdpr%22%7C%22sensitive+information+type+entity+definitions%22%7C%22google%22%7C%22techtarget%22%7C%22gb+t+35273+2020%22&hl=en&as_sdt=2007&as_ylo=2000&as_yhi=2025,n
0,N Castaneda,Analysis of user security practices in Gen AI,2025,,theseus.fi,https://www.theseus.fi/handle/10024/890396,,6,2026/3/25 23:41,,,,,,,,,0,0,0,1,1,This thesis covers topics of generative artificial intelligence and information security. It looks at how consumers use artificial intelligence in their daily lives and their attitudes towards it …,https://www.theseus.fi/bitstream/handle/10024/890396/Castaneda_Noah.pdf?sequence=2,https://scholar.google.com/scholar?q=related:b313QwXwAx0J:scholar.google.com/&scioq=%22definition+of+sensitive+data%22+%22techtarget%22&hl=en&as_sdt=2007&as_yhi=2025,techtarget
0,I Papageorgiou,Proxy Fairness under the European Data Protection Regulation and the AI Act: A Perspective of Sensitivity and Necessity,2024,Proceedings of the AAAI/ACM Conference on AI …,ojs.aaai.org,https://ojs.aaai.org/index.php/AIES/article/view/31708,,22,2026/3/25 16:41,,,,,,,,,0,0,0,1,2,"… Article 9 of the GDPR restrictively defines sensitive data as … , explicitly referencing Article 9 of the GDPR and its concept of sensi… tive factors into the definition of sensitive data (Quinn and …",https://ojs.aaai.org/index.php/AIES/article/download/31708/33875,https://scholar.google.com/scholar?q=related:dXtsIHRios0J:scholar.google.com/&scioq=%22definition+of+sensitive+data%22+%22gdpr%22%7C%22sensitive+information+type+entity+definitions%22%7C%22google%22%7C%22techtarget%22%7C%22gb+t+35273+2020%22&hl=en&as_sdt=2007&as_ylo=2000&as_yhi=2025,gdpr
9,"M Khedkar, E Bodden",Toward an Android static analysis approach for data protection,2024,Proceedings of the IEEE/ACM 11th International …,dl.acm.org,https://dl.acm.org/doi/abs/10.1145/3647632.3651389,https://scholar.google.com/scholar?cites=7302529822878074674&as_sdt=2005&sciodt=2007&hl=en,35,2026/3/25 16:41,,10.1145/3647632.3651389,,,,,,,9,4.5,5,2,2,… [14] provide a sound definition of sensitive data derived from the definition of personal data of several legal frameworks (including GDPR). They publicly provide a list of sensitive …,https://dl.acm.org/doi/pdf/10.1145/3647632.3651389,https://scholar.google.com/scholar?q=related:MgdY9i7MV2UJ:scholar.google.com/&scioq=%22definition+of+sensitive+data%22+%22gdpr%22%7C%22sensitive+information+type+entity+definitions%22%7C%22google%22%7C%22techtarget%22%7C%22gb+t+35273+2020%22&hl=en&as_sdt=2007&as_ylo=2000&as_yhi=2025,n
8,"E Miller, MR Rahman, M Hossain…",I don't know why you need my data: A case study of popular social media privacy policies,2022,Proceedings of the Twelfth …,dl.acm.org,https://dl.acm.org/doi/abs/10.1145/3508398.3519359,https://scholar.google.com/scholar?cites=16089417643277337813&as_sdt=2005&sciodt=2007&hl=en,37,2026/3/25 16:41,,10.1145/3508398.3519359,,,,,,,8,2,2,4,4,"… available to download via the Google Play store and the most … ing to the legal definition of sensitive data. Sensitive data … do not fall into the legal definition of sensitive data (eg, SMS). …",https://dl.acm.org/doi/pdf/10.1145/3508398.3519359,https://scholar.google.com/scholar?q=related:1cRy5hkYSd8J:scholar.google.com/&scioq=%22definition+of+sensitive+data%22+%22gdpr%22%7C%22sensitive+information+type+entity+definitions%22%7C%22google%22%7C%22techtarget%22%7C%22gb+t+35273+2020%22&hl=en&as_sdt=2007&as_ylo=2000&as_yhi=2025,"gdpr,ccpa"
4,"BSD Fico, HM Nobrega",The Brazilian Data Protection Law for LGBTQIA+ People: Gender identity and sexual orientation as sensitive personal data,2022,Revista Direito e Práxis,SciELO Brasil,https://www.scielo.br/j/rdp/a/sjf8hNGcJs3v9L7kf8y6GLt/?lang=en,https://scholar.google.com/scholar?cites=4818367127050239263&as_sdt=2005&sciodt=2007&hl=en,30,2026/3/25 16:41,HTML,,,,,,,,4,1,2,2,4,"… In Ecuador, the definition of sensitive data provided for the Ecuadorian Organic Law on the Protection of Personal Data comprehends all personal data “whose improper processing may …",https://www.scielo.br/j/rdp/a/sjf8hNGcJs3v9L7kf8y6GLt/?lang=en,https://scholar.google.com/scholar?q=related:H70_jV9H3kIJ:scholar.google.com/&scioq=%22definition+of+sensitive+data%22+%22gdpr%22%7C%22sensitive+information+type+entity+definitions%22%7C%22google%22%7C%22techtarget%22%7C%22gb+t+35273+2020%22&hl=en&as_sdt=2007&as_ylo=2000&as_yhi=2025,n
0,N Hodge,"GETTING READY FOR GDPR: As the deadline looms for a new data protection regulation in the European Union, businesses must act now to avoid costly penalties",2018,Risk Management,go.gale.com,https://go.gale.com/ps/i.do?id=GALE%7CA527261351&sid=googleScholar&v=2.1&it=r&linkaccess=abs&issn=00355593&p=AONE&sw=w,,72,2026/3/25 16:41,,,,,,,,,0,0,0,1,8,"… for US companies in particular ""is that the US concept of 'privacy' and definition of 'sensitive data' is very different than those that are used in Europe and form the basis of the GDPR."" …",,https://scholar.google.com/scholar?q=related:qzkHkFp15mAJ:scholar.google.com/&scioq=%22definition+of+sensitive+data%22+%22gdpr%22%7C%22sensitive+information+type+entity+definitions%22%7C%22google%22%7C%22techtarget%22%7C%22gb+t+35273+2020%22&hl=en&as_sdt=2007&as_ylo=2000&as_yhi=2025,n
10,"M El-Khoury, S Albarashdi","Navigating the privacy landscape of healthcare-driven AI in the Middle East: Case studies from Oman, Qatar, and Saudi Arabia",2025,Social Sciences &Humanities Open,Elsevier,https://www.sciencedirect.com/science/article/pii/S2590291125002207,https://scholar.google.com/scholar?cites=12795570392561724483&as_sdt=2005&sciodt=2007&hl=en,38,2026/3/25 16:41,HTML,,,,,,,,10,10,5,2,1,"The survey of data protection legislations in Oman, Qatar, and Saudi Arabia shows a heightened protection of healthcare data. Additional legal requirements apply for the lawful …",https://www.sciencedirect.com/science/article/pii/S2590291125002207,https://scholar.google.com/scholar?q=related:Q6wla3r_krEJ:scholar.google.com/&scioq=%22definition+of+sensitive+data%22+%22gdpr%22%7C%22sensitive+information+type+entity+definitions%22%7C%22google%22%7C%22techtarget%22%7C%22gb+t+35273+2020%22&hl=en&as_sdt=2007&as_ylo=2000&as_yhi=2025,gdpr
0,SG Abhilasha,A Detailed Legislative Comment Exploring the Broad Contours and Nuances of the Personal Data Protection Bill 2019,2021,Supremo Amicus,HeinOnline,https://heinonline.org/hol-cgi-bin/get_pdf.cgi?handle=hein.journals/supami24&section=29,,65,2026/3/25 16:41,,,,,,,,,0,0,0,1,5,"… of divergence between the Bill and GDPR. The Bill includes … The Bill is significantly more stringent than the GDPR in that … framework, but the definition of sensitive data is broader under …",https://supremoamicus.org/wp-content/uploads/2021/05/Abhilasha-S-G.pdf,https://scholar.google.com/scholar?q=related:9q1KJjkZohwJ:scholar.google.com/&scioq=%22definition+of+sensitive+data%22+%22gdpr%22%7C%22sensitive+information+type+entity+definitions%22%7C%22google%22%7C%22techtarget%22%7C%22gb+t+35273+2020%22&hl=en&as_sdt=2007&as_ylo=2000&as_yhi=2025,n
16,"B Petkova, F Boehm",Profiling and the Essence of the Right to Data Protection,2018,The Cambridge Handbook of …,Cambridge University Press,,https://scholar.google.com/scholar?cites=3551992616696513361&as_sdt=2005&sciodt=2007&hl=en,57,2026/3/25 16:41,CITATION,,,,,,,,16,2,8,2,8,,https://papers.ssrn.com/sol3/Delivery.cfm?abstractid=2911894,https://scholar.google.com/scholar?q=related:UYMBM3c2SzEJ:scholar.google.com/&scioq=%22definition+of+sensitive+data%22+%22gdpr%22%7C%22sensitive+information+type+entity+definitions%22%7C%22google%22%7C%22techtarget%22%7C%22gb+t+35273+2020%22&hl=en&as_sdt=2007&as_ylo=2000&as_yhi=2025,n
1,"A Gurjar, LJ Camp, T Ringenberg, X Ma…",Can large language models detect PII in code?,2023,Under Review (not …,papers.ssrn.com,https://papers.ssrn.com/sol3/papers.cfm?abstract_id=4619112,https://scholar.google.com/scholar?cites=2229193882273936280&as_sdt=2005&sciodt=2007&hl=en,95,2026/3/25 16:41,,,,,,,,,1,0.33,0,5,3,"… The Act has an expansive definition of sensitive data types and defines consumer rights … Prior to classification, we assessed the models’ knowledge of GDPR and CCPA regulations to …",https://papers.ssrn.com/sol3/Delivery.cfm?abstractid=4619112,https://scholar.google.com/scholar?q=related:mHNpcAaw7x4J:scholar.google.com/&scioq=%22definition+of+sensitive+data%22+%22gdpr%22%7C%22sensitive+information+type+entity+definitions%22%7C%22google%22%7C%22techtarget%22%7C%22gb+t+35273+2020%22&hl=en&as_sdt=2007&as_ylo=2000&as_yhi=2025,"gdpr,ccpa,google"
0,"Y Saillet, A Maier, MW Grasselt, M Baessler…",Protecting sensitive data in documents,2025,US Patent …,Google Patents,https://patents.google.com/patent/US12380240B2/en,,9,2026/3/25 16:41,,,,,,,,,0,0,0,5,1,… Google has not performed a legal analysis and makes no representation as to the accuracy of the status listed… This may be advantageous in case of a uniform definition of sensitive data. …,,https://scholar.google.com/scholar?q=related:skGVmM0MvYUJ:scholar.google.com/&scioq=%22definition+of+sensitive+data%22+%22gdpr%22%7C%22sensitive+information+type+entity+definitions%22%7C%22google%22%7C%22techtarget%22%7C%22gb+t+35273+2020%22&hl=en&as_sdt=2007&as_ylo=2000&as_yhi=2025,n
133,M Yeo,Extrusion detection using taint analysis,2010,"US Patent 7,788,235",Google Patents,https://patents.google.com/patent/US7788235B1/en,https://scholar.google.com/scholar?cites=15445169455400185162&as_sdt=2005&sciodt=2007&hl=en,32,2026/3/25 16:41,,,,,,,,,133,8.31,133,1,16,… These instructions include a definition of sensitive data and an action to be taken upon the … These instructions include a definition of sensitive data and an action to be taken upon the …,https://patentimages.storage.googleapis.com/9e/a3/2f/3d674af681eece/US7788235.pdf,https://scholar.google.com/scholar?q=related:Sm3XpMlDWNYJ:scholar.google.com/&scioq=%22definition+of+sensitive+data%22+%22gdpr%22%7C%22sensitive+information+type+entity+definitions%22%7C%22google%22%7C%22techtarget%22%7C%22gb+t+35273+2020%22&hl=en&as_sdt=2007&as_ylo=2000&as_yhi=2025,n
0,"S Bell, S Protasov",Protecting sensitive data used by large language models,2025,"US Patent App. 18/469,083",Google Patents,https://patents.google.com/patent/US20250094611A1/en,,19,2026/3/25 16:41,,,,,,,,,0,0,0,2,1,"… specific models such as protection ML model 212 can be trained to exclude data or dictionaries depending on the definition of sensitive data (eg legal definition, user preference …",,https://scholar.google.com/scholar?q=related:rpnAaw7JCtEJ:scholar.google.com/&scioq=%22definition+of+sensitive+data%22+%22gdpr%22%7C%22sensitive+information+type+entity+definitions%22%7C%22google%22%7C%22techtarget%22%7C%22gb+t+35273+2020%22&hl=en&as_sdt=2007&as_ylo=2000&as_yhi=2025,n
